Name,Ename,Code,Group Type,Attribute,Function Code,Data Type,Register Address,Bit Position,Bit Number,Precision,Ratio,Offset,Endian,Is Persisted,Storage Interval,Mutate Bound,Default Value,Max Value,Min Value,Unit,Is Show
在线状态,Online State,0,0,0,0,0,0,0,0,0,1.0,0.0,0,1,30000,0,,,,,0
等间隔位置的电芯SOC[0],Equidistant Position Cell SOC [0],1,1,0,0,0,0,0,0,2,0.01,0.0,0,1,30000,0,,100.01,0.0,%,0
等间隔位置的电芯SOC[1],Equidistant Position Cell SOC [1],2,1,0,0,0,0,0,0,2,0.01,0.0,0,1,30000,0,,100.01,0.0,%,0
等间隔位置的电芯SOC[2],Equidistant Position Cell SOC [2],3,1,0,0,0,0,0,0,2,0.01,0.0,0,1,30000,0,,100.01,0.0,%,0
等间隔位置的电芯SOC[3],Equidistant Position Cell SOC [3],4,1,0,0,0,0,0,0,2,0.01,0.0,0,1,30000,0,,100.01,0.0,%,0
等间隔位置的电芯SOC[4],Equidistant Position Cell SOC [4],5,1,0,0,0,0,0,0,2,0.01,0.0,0,1,30000,0,,100.01,0.0,%,0
等间隔位置的电芯SOC[5],Equidistant Position Cell SOC [5],6,1,0,0,0,0,0,0,2,0.01,0.0,0,1,30000,0,,100.01,0.0,%,0
等间隔位置的电芯SOC[6],Equidistant Position Cell SOC [6],7,1,0,0,0,0,0,0,2,0.01,0.0,0,1,30000,0,,100.01,0.0,%,0
等间隔位置的电芯SOC[7],Equidistant Position Cell SOC [7],8,1,0,0,0,0,0,0,2,0.01,0.0,0,1,30000,0,,100.01,0.0,%,0
等间隔位置的电芯SOC[8],Equidistant Position Cell SOC [8],9,1,0,0,0,0,0,0,2,0.01,0.0,0,1,30000,0,,100.01,0.0,%,0
等间隔位置的电芯SOC[9],Equidistant Position Cell SOC [9],10,1,0,0,0,0,0,0,2,0.01,0.0,0,1,30000,0,,100.01,0.0,%,0
等间隔位置的电芯SOC[10],Equidistant Position Cell SOC [10],11,1,0,0,0,0,0,0,2,0.01,0.0,0,1,30000,0,,100.01,0.0,%,0
等间隔位置的电芯SOC[11],Equidistant Position Cell SOC [11],12,1,0,0,0,0,0,0,2,0.01,0.0,0,1,30000,0,,100.01,0.0,%,0
等间隔位置的电芯SOC[12],Equidistant Position Cell SOC [12],13,1,0,0,0,0,0,0,2,0.01,0.0,0,1,30000,0,,100.01,0.0,%,0
等间隔位置的电芯SOC[13],Equidistant Position Cell SOC [13],14,1,0,0,0,0,0,0,2,0.01,0.0,0,1,30000,0,,100.01,0.0,%,0
等间隔位置的电芯SOC[14],Equidistant Position Cell SOC [14],15,1,0,0,0,0,0,0,2,0.01,0.0,0,1,30000,0,,100.01,0.0,%,0
等间隔位置的电芯SOC[15],Equidistant Position Cell SOC [15],16,1,0,0,0,0,0,0,2,0.01,0.0,0,1,30000,0,,100.01,0.0,%,0
等间隔位置的电芯SOC状态[0],Equidistant Position Cell SOC Status [0],17,1,0,0,0,0,0,0,0,1.0,0.0,0,1,30000,0,,10.0,0.0,Nbr,0
等间隔位置的电芯SOC状态[1],Equidistant Position Cell SOC Status [1],18,1,0,0,0,0,0,0,0,1.0,0.0,0,1,30000,0,,10.0,0.0,Nbr,0
等间隔位置的电芯SOC状态[2],Equidistant Position Cell SOC Status [2],19,1,0,0,0,0,0,0,0,1.0,0.0,0,1,30000,0,,10.0,0.0,Nbr,0
等间隔位置的电芯SOC状态[3],Equidistant Position Cell SOC Status [3],20,1,0,0,0,0,0,0,0,1.0,0.0,0,1,30000,0,,10.0,0.0,Nbr,0
等间隔位置的电芯SOC状态[4],Equidistant Position Cell SOC Status [4],21,1,0,0,0,0,0,0,0,1.0,0.0,0,1,30000,0,,10.0,0.0,Nbr,0
等间隔位置的电芯SOC状态[5],Equidistant Position Cell SOC Status [5],22,1,0,0,0,0,0,0,0,1.0,0.0,0,1,30000,0,,10.0,0.0,Nbr,0
等间隔位置的电芯SOC状态[6],Equidistant Position Cell SOC Status [6],23,1,0,0,0,0,0,0,0,1.0,0.0,0,1,30000,0,,10.0,0.0,Nbr,0
等间隔位置的电芯SOC状态[7],Equidistant Position Cell SOC Status [7],24,1,0,0,0,0,0,0,0,1.0,0.0,0,1,30000,0,,10.0,0.0,Nbr,0
等间隔位置的电芯SOC状态[8],Equidistant Position Cell SOC Status [8],25,1,0,0,0,0,0,0,0,1.0,0.0,0,1,30000,0,,10.0,0.0,Nbr,0
等间隔位置的电芯SOC状态[9],Equidistant Position Cell SOC Status [9],26,1,0,0,0,0,0,0,0,1.0,0.0,0,1,30000,0,,10.0,0.0,Nbr,0
等间隔位置的电芯SOC状态[10],Equidistant Position Cell SOC Status [10],27,1,0,0,0,0,0,0,0,1.0,0.0,0,1,30000,0,,10.0,0.0,Nbr,0
等间隔位置的电芯SOC状态[11],Equidistant Position Cell SOC Status [11],28,1,0,0,0,0,0,0,0,1.0,0.0,0,1,30000,0,,10.0,0.0,Nbr,0
等间隔位置的电芯SOC状态[12],Equidistant Position Cell SOC Status [12],29,1,0,0,0,0,0,0,0,1.0,0.0,0,1,30000,0,,10.0,0.0,Nbr,0
等间隔位置的电芯SOC状态[13],Equidistant Position Cell SOC Status [13],30,1,0,0,0,0,0,0,0,1.0,0.0,0,1,30000,0,,10.0,0.0,Nbr,0
等间隔位置的电芯SOC状态[14],Equidistant Position Cell SOC Status [14],31,1,0,0,0,0,0,0,0,1.0,0.0,0,1,30000,0,,10.0,0.0,Nbr,0
等间隔位置的电芯SOC状态[15],Equidistant Position Cell SOC Status [15],32,1,0,0,0,0,0,0,0,1.0,0.0,0,1,30000,0,,10.0,0.0,Nbr,0
簇SOC数组[0],Rack SOC Array [0],33,1,0,0,0,0,0,0,2,0.01,0.0,0,1,30000,0,,100.01,0.0,%,0
簇SOC数组[1],Rack SOC Array [1],34,1,0,0,0,0,0,0,2,0.01,0.0,0,1,30000,0,,100.01,0.0,%,0
簇SOC数组[2],Rack SOC Array [2],35,1,0,0,0,0,0,0,2,0.01,0.0,0,1,30000,0,,100.01,0.0,%,0
簇SOC数组[3],Rack SOC Array [3],36,1,0,0,0,0,0,0,2,0.01,0.0,0,1,30000,0,,100.01,0.0,%,0
簇SOC数组[4],Rack SOC Array [4],37,1,0,0,0,0,0,0,2,0.01,0.0,0,1,30000,0,,100.01,0.0,%,0
簇SOC数组[5],Rack SOC Array [5],38,1,0,0,0,0,0,0,2,0.01,0.0,0,1,30000,0,,100.01,0.0,%,0
簇SOC数组[6],Rack SOC Array [6],39,1,0,0,0,0,0,0,2,0.01,0.0,0,1,30000,0,,100.01,0.0,%,0
簇SOC数组[7],Rack SOC Array [7],40,1,0,0,0,0,0,0,2,0.01,0.0,0,1,30000,0,,100.01,0.0,%,0
簇SOC数组[8],Rack SOC Array [8],41,1,0,0,0,0,0,0,2,0.01,0.0,0,1,30000,0,,100.01,0.0,%,0
簇SOC数组[9],Rack SOC Array [9],42,1,0,0,0,0,0,0,2,0.01,0.0,0,1,30000,0,,100.01,0.0,%,0
簇SOC数组[10],Rack SOC Array [10],43,1,0,0,0,0,0,0,2,0.01,0.0,0,1,30000,0,,100.01,0.0,%,0
簇SOC数组[11],Rack SOC Array [11],44,1,0,0,0,0,0,0,2,0.01,0.0,0,1,30000,0,,100.01,0.0,%,0
簇最大SOC数组[0],Rack Max SOC Array [0],45,1,0,0,0,0,0,0,2,0.01,0.0,0,1,30000,0,,100.01,0.0,%,0
簇最大SOC数组[1],Rack Max SOC Array [1],46,1,0,0,0,0,0,0,2,0.01,0.0,0,1,30000,0,,100.01,0.0,%,0
簇最大SOC数组[2],Rack Max SOC Array [2],47,1,0,0,0,0,0,0,2,0.01,0.0,0,1,30000,0,,100.01,0.0,%,0
簇最大SOC数组[3],Rack Max SOC Array [3],48,1,0,0,0,0,0,0,2,0.01,0.0,0,1,30000,0,,100.01,0.0,%,0
簇最大SOC数组[4],Rack Max SOC Array [4],49,1,0,0,0,0,0,0,2,0.01,0.0,0,1,30000,0,,100.01,0.0,%,0
簇最大SOC数组[5],Rack Max SOC Array [5],50,1,0,0,0,0,0,0,2,0.01,0.0,0,1,30000,0,,100.01,0.0,%,0
簇最大SOC数组[6],Rack Max SOC Array [6],51,1,0,0,0,0,0,0,2,0.01,0.0,0,1,30000,0,,100.01,0.0,%,0
簇最大SOC数组[7],Rack Max SOC Array [7],52,1,0,0,0,0,0,0,2,0.01,0.0,0,1,30000,0,,100.01,0.0,%,0
簇最大SOC数组[8],Rack Max SOC Array [8],53,1,0,0,0,0,0,0,2,0.01,0.0,0,1,30000,0,,100.01,0.0,%,0
簇最大SOC数组[9],Rack Max SOC Array [9],54,1,0,0,0,0,0,0,2,0.01,0.0,0,1,30000,0,,100.01,0.0,%,0
簇最大SOC数组[10],Rack Max SOC Array [10],55,1,0,0,0,0,0,0,2,0.01,0.0,0,1,30000,0,,100.01,0.0,%,0
簇最大SOC数组[11],Rack Max SOC Array [11],56,1,0,0,0,0,0,0,2,0.01,0.0,0,1,30000,0,,100.01,0.0,%,0
簇最小SOC数组[0],Rack Min SOC Array [0],57,1,0,0,0,0,0,0,2,0.01,0.0,0,1,30000,0,,100.01,0.0,%,0
簇最小SOC数组[1],Rack Min SOC Array [1],58,1,0,0,0,0,0,0,2,0.01,0.0,0,1,30000,0,,100.01,0.0,%,0
簇最小SOC数组[2],Rack Min SOC Array [2],59,1,0,0,0,0,0,0,2,0.01,0.0,0,1,30000,0,,100.01,0.0,%,0
簇最小SOC数组[3],Rack Min SOC Array [3],60,1,0,0,0,0,0,0,2,0.01,0.0,0,1,30000,0,,100.01,0.0,%,0
簇最小SOC数组[4],Rack Min SOC Array [4],61,1,0,0,0,0,0,0,2,0.01,0.0,0,1,30000,0,,100.01,0.0,%,0
簇最小SOC数组[5],Rack Min SOC Array [5],62,1,0,0,0,0,0,0,2,0.01,0.0,0,1,30000,0,,100.01,0.0,%,0
簇最小SOC数组[6],Rack Min SOC Array [6],63,1,0,0,0,0,0,0,2,0.01,0.0,0,1,30000,0,,100.01,0.0,%,0
簇最小SOC数组[7],Rack Min SOC Array [7],64,1,0,0,0,0,0,0,2,0.01,0.0,0,1,30000,0,,100.01,0.0,%,0
簇最小SOC数组[8],Rack Min SOC Array [8],65,1,0,0,0,0,0,0,2,0.01,0.0,0,1,30000,0,,100.01,0.0,%,0
簇最小SOC数组[9],Rack Min SOC Array [9],66,1,0,0,0,0,0,0,2,0.01,0.0,0,1,30000,0,,100.01,0.0,%,0
簇最小SOC数组[10],Rack Min SOC Array [10],67,1,0,0,0,0,0,0,2,0.01,0.0,0,1,30000,0,,100.01,0.0,%,0
簇最小SOC数组[11],Rack Min SOC Array [11],68,1,0,0,0,0,0,0,2,0.01,0.0,0,1,30000,0,,100.01,0.0,%,0
等间隔位置的电芯容量[0],Equidistant Position Cell Capacity [0],69,1,0,0,0,0,0,0,1,0.1,0.0,0,1,30000,0,,1500.1,0.0,Ah,0
等间隔位置的电芯容量[1],Equidistant Position Cell Capacity [1],70,1,0,0,0,0,0,0,1,0.1,0.0,0,1,30000,0,,1500.1,0.0,Ah,0
等间隔位置的电芯容量[2],Equidistant Position Cell Capacity [2],71,1,0,0,0,0,0,0,1,0.1,0.0,0,1,30000,0,,1500.1,0.0,Ah,0
等间隔位置的电芯容量[3],Equidistant Position Cell Capacity [3],72,1,0,0,0,0,0,0,1,0.1,0.0,0,1,30000,0,,1500.1,0.0,Ah,0
等间隔位置的电芯容量[4],Equidistant Position Cell Capacity [4],73,1,0,0,0,0,0,0,1,0.1,0.0,0,1,30000,0,,1500.1,0.0,Ah,0
等间隔位置的电芯容量[5],Equidistant Position Cell Capacity [5],74,1,0,0,0,0,0,0,1,0.1,0.0,0,1,30000,0,,1500.1,0.0,Ah,0
等间隔位置的电芯容量[6],Equidistant Position Cell Capacity [6],75,1,0,0,0,0,0,0,1,0.1,0.0,0,1,30000,0,,1500.1,0.0,Ah,0
等间隔位置的电芯容量[7],Equidistant Position Cell Capacity [7],76,1,0,0,0,0,0,0,1,0.1,0.0,0,1,30000,0,,1500.1,0.0,Ah,0
等间隔位置的电芯容量[8],Equidistant Position Cell Capacity [8],77,1,0,0,0,0,0,0,1,0.1,0.0,0,1,30000,0,,1500.1,0.0,Ah,0
等间隔位置的电芯容量[9],Equidistant Position Cell Capacity [9],78,1,0,0,0,0,0,0,1,0.1,0.0,0,1,30000,0,,1500.1,0.0,Ah,0
等间隔位置的电芯容量[10],Equidistant Position Cell Capacity [10],79,1,0,0,0,0,0,0,1,0.1,0.0,0,1,30000,0,,1500.1,0.0,Ah,0
等间隔位置的电芯容量[11],Equidistant Position Cell Capacity [11],80,1,0,0,0,0,0,0,1,0.1,0.0,0,1,30000,0,,1500.1,0.0,Ah,0
等间隔位置的电芯容量[12],Equidistant Position Cell Capacity [12],81,1,0,0,0,0,0,0,1,0.1,0.0,0,1,30000,0,,1500.1,0.0,Ah,0
等间隔位置的电芯容量[13],Equidistant Position Cell Capacity [13],82,1,0,0,0,0,0,0,1,0.1,0.0,0,1,30000,0,,1500.1,0.0,Ah,0
等间隔位置的电芯容量[14],Equidistant Position Cell Capacity [14],83,1,0,0,0,0,0,0,1,0.1,0.0,0,1,30000,0,,1500.1,0.0,Ah,0
等间隔位置的电芯容量[15],Equidistant Position Cell Capacity [15],84,1,0,0,0,0,0,0,1,0.1,0.0,0,1,30000,0,,1500.1,0.0,Ah,0
等间隔位置的电芯DFCL容量[0],Equidistant Position Cell DFCL Capacity [0],85,1,0,0,0,0,0,0,1,0.1,0.0,0,1,30000,0,,1500.1,0.0,Ah,0
等间隔位置的电芯DFCL容量[1],Equidistant Position Cell DFCL Capacity [1],86,1,0,0,0,0,0,0,1,0.1,0.0,0,1,30000,0,,1500.1,0.0,Ah,0
等间隔位置的电芯DFCL容量[2],Equidistant Position Cell DFCL Capacity [2],87,1,0,0,0,0,0,0,1,0.1,0.0,0,1,30000,0,,1500.1,0.0,Ah,0
等间隔位置的电芯DFCL容量[3],Equidistant Position Cell DFCL Capacity [3],88,1,0,0,0,0,0,0,1,0.1,0.0,0,1,30000,0,,1500.1,0.0,Ah,0
等间隔位置的电芯DFCL容量[4],Equidistant Position Cell DFCL Capacity [4],89,1,0,0,0,0,0,0,1,0.1,0.0,0,1,30000,0,,1500.1,0.0,Ah,0
等间隔位置的电芯DFCL容量[5],Equidistant Position Cell DFCL Capacity [5],90,1,0,0,0,0,0,0,1,0.1,0.0,0,1,30000,0,,1500.1,0.0,Ah,0
等间隔位置的电芯DFCL容量[6],Equidistant Position Cell DFCL Capacity [6],91,1,0,0,0,0,0,0,1,0.1,0.0,0,1,30000,0,,1500.1,0.0,Ah,0
等间隔位置的电芯DFCL容量[7],Equidistant Position Cell DFCL Capacity [7],92,1,0,0,0,0,0,0,1,0.1,0.0,0,1,30000,0,,1500.1,0.0,Ah,0
等间隔位置的电芯DFCL容量[8],Equidistant Position Cell DFCL Capacity [8],93,1,0,0,0,0,0,0,1,0.1,0.0,0,1,30000,0,,1500.1,0.0,Ah,0
等间隔位置的电芯DFCL容量[9],Equidistant Position Cell DFCL Capacity [9],94,1,0,0,0,0,0,0,1,0.1,0.0,0,1,30000,0,,1500.1,0.0,Ah,0
等间隔位置的电芯DFCL容量[10],Equidistant Position Cell DFCL Capacity [10],95,1,0,0,0,0,0,0,1,0.1,0.0,0,1,30000,0,,1500.1,0.0,Ah,0
等间隔位置的电芯DFCL容量[11],Equidistant Position Cell DFCL Capacity [11],96,1,0,0,0,0,0,0,1,0.1,0.0,0,1,30000,0,,1500.1,0.0,Ah,0
等间隔位置的电芯DFCL容量[12],Equidistant Position Cell DFCL Capacity [12],97,1,0,0,0,0,0,0,1,0.1,0.0,0,1,30000,0,,1500.1,0.0,Ah,0
等间隔位置的电芯DFCL容量[13],Equidistant Position Cell DFCL Capacity [13],98,1,0,0,0,0,0,0,1,0.1,0.0,0,1,30000,0,,1500.1,0.0,Ah,0
等间隔位置的电芯DFCL容量[14],Equidistant Position Cell DFCL Capacity [14],99,1,0,0,0,0,0,0,1,0.1,0.0,0,1,30000,0,,1500.1,0.0,Ah,0
等间隔位置的电芯DFCL容量[15],Equidistant Position Cell DFCL Capacity [15],100,1,0,0,0,0,0,0,1,0.1,0.0,0,1,30000,0,,1500.1,0.0,Ah,0
等间隔位置的电芯MFCL容量[0],Equidistant Position Cell MFCL Capacity [0],101,1,0,0,0,0,0,0,1,0.1,0.0,0,1,30000,0,,1500.1,0.0,Ah,0
等间隔位置的电芯MFCL容量[1],Equidistant Position Cell MFCL Capacity [1],102,1,0,0,0,0,0,0,1,0.1,0.0,0,1,30000,0,,1500.1,0.0,Ah,0
等间隔位置的电芯MFCL容量[2],Equidistant Position Cell MFCL Capacity [2],103,1,0,0,0,0,0,0,1,0.1,0.0,0,1,30000,0,,1500.1,0.0,Ah,0
等间隔位置的电芯MFCL容量[3],Equidistant Position Cell MFCL Capacity [3],104,1,0,0,0,0,0,0,1,0.1,0.0,0,1,30000,0,,1500.1,0.0,Ah,0
等间隔位置的电芯MFCL容量[4],Equidistant Position Cell MFCL Capacity [4],105,1,0,0,0,0,0,0,1,0.1,0.0,0,1,30000,0,,1500.1,0.0,Ah,0
等间隔位置的电芯MFCL容量[5],Equidistant Position Cell MFCL Capacity [5],106,1,0,0,0,0,0,0,1,0.1,0.0,0,1,30000,0,,1500.1,0.0,Ah,0
等间隔位置的电芯MFCL容量[6],Equidistant Position Cell MFCL Capacity [6],107,1,0,0,0,0,0,0,1,0.1,0.0,0,1,30000,0,,1500.1,0.0,Ah,0
等间隔位置的电芯MFCL容量[7],Equidistant Position Cell MFCL Capacity [7],108,1,0,0,0,0,0,0,1,0.1,0.0,0,1,30000,0,,1500.1,0.0,Ah,0
等间隔位置的电芯MFCL容量[8],Equidistant Position Cell MFCL Capacity [8],109,1,0,0,0,0,0,0,1,0.1,0.0,0,1,30000,0,,1500.1,0.0,Ah,0
等间隔位置的电芯MFCL容量[9],Equidistant Position Cell MFCL Capacity [9],110,1,0,0,0,0,0,0,1,0.1,0.0,0,1,30000,0,,1500.1,0.0,Ah,0
等间隔位置的电芯MFCL容量[10],Equidistant Position Cell MFCL Capacity [10],111,1,0,0,0,0,0,0,1,0.1,0.0,0,1,30000,0,,1500.1,0.0,Ah,0
等间隔位置的电芯MFCL容量[11],Equidistant Position Cell MFCL Capacity [11],112,1,0,0,0,0,0,0,1,0.1,0.0,0,1,30000,0,,1500.1,0.0,Ah,0
等间隔位置的电芯MFCL容量[12],Equidistant Position Cell MFCL Capacity [12],113,1,0,0,0,0,0,0,1,0.1,0.0,0,1,30000,0,,1500.1,0.0,Ah,0
等间隔位置的电芯MFCL容量[13],Equidistant Position Cell MFCL Capacity [13],114,1,0,0,0,0,0,0,1,0.1,0.0,0,1,30000,0,,1500.1,0.0,Ah,0
等间隔位置的电芯MFCL容量[14],Equidistant Position Cell MFCL Capacity [14],115,1,0,0,0,0,0,0,1,0.1,0.0,0,1,30000,0,,1500.1,0.0,Ah,0
等间隔位置的电芯MFCL容量[15],Equidistant Position Cell MFCL Capacity [15],116,1,0,0,0,0,0,0,1,0.1,0.0,0,1,30000,0,,1500.1,0.0,Ah,0
簇容量数组[0],Rack Capacity Array [0],117,1,0,0,0,0,0,0,1,0.1,0.0,0,1,30000,0,,1500.1,0.0,Ah,0
簇容量数组[1],Rack Capacity Array [1],118,1,0,0,0,0,0,0,1,0.1,0.0,0,1,30000,0,,1500.1,0.0,Ah,0
簇容量数组[2],Rack Capacity Array [2],119,1,0,0,0,0,0,0,1,0.1,0.0,0,1,30000,0,,1500.1,0.0,Ah,0
簇容量数组[3],Rack Capacity Array [3],120,1,0,0,0,0,0,0,1,0.1,0.0,0,1,30000,0,,1500.1,0.0,Ah,0
簇容量数组[4],Rack Capacity Array [4],121,1,0,0,0,0,0,0,1,0.1,0.0,0,1,30000,0,,1500.1,0.0,Ah,0
簇容量数组[5],Rack Capacity Array [5],122,1,0,0,0,0,0,0,1,0.1,0.0,0,1,30000,0,,1500.1,0.0,Ah,0
簇容量数组[6],Rack Capacity Array [6],123,1,0,0,0,0,0,0,1,0.1,0.0,0,1,30000,0,,1500.1,0.0,Ah,0
簇容量数组[7],Rack Capacity Array [7],124,1,0,0,0,0,0,0,1,0.1,0.0,0,1,30000,0,,1500.1,0.0,Ah,0
簇容量数组[8],Rack Capacity Array [8],125,1,0,0,0,0,0,0,1,0.1,0.0,0,1,30000,0,,1500.1,0.0,Ah,0
簇容量数组[9],Rack Capacity Array [9],126,1,0,0,0,0,0,0,1,0.1,0.0,0,1,30000,0,,1500.1,0.0,Ah,0
簇容量数组[10],Rack Capacity Array [10],127,1,0,0,0,0,0,0,1,0.1,0.0,0,1,30000,0,,1500.1,0.0,Ah,0
簇容量数组[11],Rack Capacity Array [11],128,1,0,0,0,0,0,0,1,0.1,0.0,0,1,30000,0,,1500.1,0.0,Ah,0
簇最大容量数组[0],Rack Max Capacity Array [0],129,1,0,0,0,0,0,0,1,0.1,0.0,0,1,30000,0,,1500.1,0.0,Ah,0
簇最大容量数组[1],Rack Max Capacity Array [1],130,1,0,0,0,0,0,0,1,0.1,0.0,0,1,30000,0,,1500.1,0.0,Ah,0
簇最大容量数组[2],Rack Max Capacity Array [2],131,1,0,0,0,0,0,0,1,0.1,0.0,0,1,30000,0,,1500.1,0.0,Ah,0
簇最大容量数组[3],Rack Max Capacity Array [3],132,1,0,0,0,0,0,0,1,0.1,0.0,0,1,30000,0,,1500.1,0.0,Ah,0
簇最大容量数组[4],Rack Max Capacity Array [4],133,1,0,0,0,0,0,0,1,0.1,0.0,0,1,30000,0,,1500.1,0.0,Ah,0
簇最大容量数组[5],Rack Max Capacity Array [5],134,1,0,0,0,0,0,0,1,0.1,0.0,0,1,30000,0,,1500.1,0.0,Ah,0
簇最大容量数组[6],Rack Max Capacity Array [6],135,1,0,0,0,0,0,0,1,0.1,0.0,0,1,30000,0,,1500.1,0.0,Ah,0
簇最大容量数组[7],Rack Max Capacity Array [7],136,1,0,0,0,0,0,0,1,0.1,0.0,0,1,30000,0,,1500.1,0.0,Ah,0
簇最大容量数组[8],Rack Max Capacity Array [8],137,1,0,0,0,0,0,0,1,0.1,0.0,0,1,30000,0,,1500.1,0.0,Ah,0
簇最大容量数组[9],Rack Max Capacity Array [9],138,1,0,0,0,0,0,0,1,0.1,0.0,0,1,30000,0,,1500.1,0.0,Ah,0
簇最大容量数组[10],Rack Max Capacity Array [10],139,1,0,0,0,0,0,0,1,0.1,0.0,0,1,30000,0,,1500.1,0.0,Ah,0
簇最大容量数组[11],Rack Max Capacity Array [11],140,1,0,0,0,0,0,0,1,0.1,0.0,0,1,30000,0,,1500.1,0.0,Ah,0
簇最小容量数组[0],Rack Min Capacity Array [0],141,1,0,0,0,0,0,0,1,0.1,0.0,0,1,30000,0,,1500.1,0.0,Ah,0
簇最小容量数组[1],Rack Min Capacity Array [1],142,1,0,0,0,0,0,0,1,0.1,0.0,0,1,30000,0,,1500.1,0.0,Ah,0
簇最小容量数组[2],Rack Min Capacity Array [2],143,1,0,0,0,0,0,0,1,0.1,0.0,0,1,30000,0,,1500.1,0.0,Ah,0
簇最小容量数组[3],Rack Min Capacity Array [3],144,1,0,0,0,0,0,0,1,0.1,0.0,0,1,30000,0,,1500.1,0.0,Ah,0
簇最小容量数组[4],Rack Min Capacity Array [4],145,1,0,0,0,0,0,0,1,0.1,0.0,0,1,30000,0,,1500.1,0.0,Ah,0
簇最小容量数组[5],Rack Min Capacity Array [5],146,1,0,0,0,0,0,0,1,0.1,0.0,0,1,30000,0,,1500.1,0.0,Ah,0
簇最小容量数组[6],Rack Min Capacity Array [6],147,1,0,0,0,0,0,0,1,0.1,0.0,0,1,30000,0,,1500.1,0.0,Ah,0
簇最小容量数组[7],Rack Min Capacity Array [7],148,1,0,0,0,0,0,0,1,0.1,0.0,0,1,30000,0,,1500.1,0.0,Ah,0
簇最小容量数组[8],Rack Min Capacity Array [8],149,1,0,0,0,0,0,0,1,0.1,0.0,0,1,30000,0,,1500.1,0.0,Ah,0
簇最小容量数组[9],Rack Min Capacity Array [9],150,1,0,0,0,0,0,0,1,0.1,0.0,0,1,30000,0,,1500.1,0.0,Ah,0
簇最小容量数组[10],Rack Min Capacity Array [10],151,1,0,0,0,0,0,0,1,0.1,0.0,0,1,30000,0,,1500.1,0.0,Ah,0
簇最小容量数组[11],Rack Min Capacity Array [11],152,1,0,0,0,0,0,0,1,0.1,0.0,0,1,30000,0,,1500.1,0.0,Ah,0
BBMS A核故障数组[0],BBMS A Core Fault Array [0],153,1,0,0,0,0,0,0,0,1.0,0.0,0,1,30000,0,,255.0,0.0,,0
BBMS A核故障数组[1],BBMS A Core Fault Array [1],154,1,0,0,0,0,0,0,0,1.0,0.0,0,1,30000,0,,255.0,0.0,,0
BBMS A核故障数组[2],BBMS A Core Fault Array [2],155,1,0,0,0,0,0,0,0,1.0,0.0,0,1,30000,0,,255.0,0.0,,0
BBMS A核故障数组[3],BBMS A Core Fault Array [3],156,1,0,0,0,0,0,0,0,1.0,0.0,0,1,30000,0,,255.0,0.0,,0
BBMS A核故障数组[4],BBMS A Core Fault Array [4],157,1,0,0,0,0,0,0,0,1.0,0.0,0,1,30000,0,,255.0,0.0,,0
BBMS A核故障数组[5],BBMS A Core Fault Array [5],158,1,0,0,0,0,0,0,0,1.0,0.0,0,1,30000,0,,255.0,0.0,,0
BBMS A核故障数组[6],BBMS A Core Fault Array [6],159,1,0,0,0,0,0,0,0,1.0,0.0,0,1,30000,0,,255.0,0.0,,0
BBMS A核故障数组[7],BBMS A Core Fault Array [7],160,1,0,0,0,0,0,0,0,1.0,0.0,0,1,30000,0,,255.0,0.0,,0
BBMS A核故障数组[8],BBMS A Core Fault Array [8],161,1,0,0,0,0,0,0,0,1.0,0.0,0,1,30000,0,,255.0,0.0,,0
BBMS A核故障数组[9],BBMS A Core Fault Array [9],162,1,0,0,0,0,0,0,0,1.0,0.0,0,1,30000,0,,255.0,0.0,,0
BBMS A核故障数组[10],BBMS A Core Fault Array [10],163,1,0,0,0,0,0,0,0,1.0,0.0,0,1,30000,0,,255.0,0.0,,0
BBMS A核故障数组[11],BBMS A Core Fault Array [11],164,1,0,0,0,0,0,0,0,1.0,0.0,0,1,30000,0,,255.0,0.0,,0
BBMS A核故障数组[12],BBMS A Core Fault Array [12],165,1,0,0,0,0,0,0,0,1.0,0.0,0,1,30000,0,,255.0,0.0,,0
BBMS A核故障数组[13],BBMS A Core Fault Array [13],166,1,0,0,0,0,0,0,0,1.0,0.0,0,1,30000,0,,255.0,0.0,,0
BBMS A核故障数组[14],BBMS A Core Fault Array [14],167,1,0,0,0,0,0,0,0,1.0,0.0,0,1,30000,0,,255.0,0.0,,0
BBMS A核故障数组[15],BBMS A Core Fault Array [15],168,1,0,0,0,0,0,0,0,1.0,0.0,0,1,30000,0,,255.0,0.0,,0
BBMS A核故障数组[16],BBMS A Core Fault Array [16],169,1,0,0,0,0,0,0,0,1.0,0.0,0,1,30000,0,,255.0,0.0,,0
BBMS A核故障数组[17],BBMS A Core Fault Array [17],170,1,0,0,0,0,0,0,0,1.0,0.0,0,1,30000,0,,255.0,0.0,,0
BBMS A核故障数组[18],BBMS A Core Fault Array [18],171,1,0,0,0,0,0,0,0,1.0,0.0,0,1,30000,0,,255.0,0.0,,0
BBMS A核故障数组[19],BBMS A Core Fault Array [19],172,1,0,0,0,0,0,0,0,1.0,0.0,0,1,30000,0,,255.0,0.0,,0
BBMS A核故障数组[20],BBMS A Core Fault Array [20],173,1,0,0,0,0,0,0,0,1.0,0.0,0,1,30000,0,,255.0,0.0,,0
BBMS A核故障数组[21],BBMS A Core Fault Array [21],174,1,0,0,0,0,0,0,0,1.0,0.0,0,1,30000,0,,255.0,0.0,,0
BBMS A核故障数组[22],BBMS A Core Fault Array [22],175,1,0,0,0,0,0,0,0,1.0,0.0,0,1,30000,0,,255.0,0.0,,0
BBMS A核故障数组[23],BBMS A Core Fault Array [23],176,1,0,0,0,0,0,0,0,1.0,0.0,0,1,30000,0,,255.0,0.0,,0
BBMS A核故障数组[24],BBMS A Core Fault Array [24],177,1,0,0,0,0,0,0,0,1.0,0.0,0,1,30000,0,,255.0,0.0,,0
RTC时间与电池生产日期有效性,RTC Time and Battery Production Date Validity,178,1,0,0,0,0,0,0,0,1.0,0.0,0,1,30000,0,,255.0,0.0,Flg,0
电池使用时长,Battery Usage Time,179,1,0,0,0,0,0,0,1,0.1,0.0,0,1,30000,0,,6553.5,0.0,,0
电池自放电率,Battery Self-discharge Rate,180,1,0,0,0,0,0,0,2,0.01,0.0,0,1,30000,0,,655.35,0.0,%,0
EMS控制上下高压指令,EMS Control Power-up Cmd,181,1,0,0,0,0,0,0,0,1.0,0.0,0,1,30000,0,,65535.0,0.0,Nbr,0
EMS控制故障复位,EMS Control Fault Reset,182,1,0,0,0,0,0,0,0,1.0,0.0,0,1,30000,0,,255.0,0.0,Flg,0
BMS控制模式,BMS Control Mode,183,1,0,0,0,0,0,0,0,1.0,0.0,0,1,30000,0,,255.0,0.0,Nbr,0
Bank工作状态,Bank Status,184,1,0,0,0,0,0,0,0,1.0,0.0,0,1,30000,0,,255.0,0.0,,0
Bank充放电状态,Bank Charging Status,185,1,0,0,0,0,0,0,0,1.0,0.0,0,1,30000,0,,255.0,0.0,,0
Bank系统运行状态,Bank System Operating Status,186,1,0,0,0,0,0,0,0,1.0,0.0,0,1,30000,0,,65535.0,0.0,,0
允许运行的最小Rack数量,Min number of Racks Allowed to Run,187,1,0,0,0,0,0,0,0,1.0,0.0,0,1,30000,0,,65535.0,0.0,,0
设置逆变器状态,Set Inverter Status,188,1,0,0,0,0,0,0,0,1.0,0.0,0,1,30000,0,,255.0,0.0,,0
存在严重故障的Rack位置,Positions of Rack with Emergency Fault,189,1,0,0,0,0,0,0,0,1.0,0.0,0,1,30000,0,,65535.0,0.0,,0
Bank接触器状态,Bank Contactor Status,190,1,0,0,0,0,0,0,0,1.0,0.0,0,1,30000,0,,65535.0,0.0,,0
系统SOC,System SOC,191,1,0,0,0,0,0,0,1,0.5,0.0,0,1,30000,0,,127.5,0.0,%,0
系统SOH,System SOH,192,1,0,0,0,0,0,0,0,1.0,0.0,0,1,30000,0,,255.0,0.0,%,0
系统可充能量,SOE for Charge,193,1,0,0,0,0,0,0,3,0.125,0.0,0,1,30000,0,,8191.875,0.0,kWh,0
系统可放能量,SOE for Discharge,194,1,0,0,0,0,0,0,3,0.125,0.0,0,1,30000,0,,8191.875,0.0,kWh,0
持续充电功率限制,Const Charge Power Limit,195,1,0,0,0,0,0,0,3,0.125,0.0,0,1,30000,0,,8191.875,0.0,kW,0
脉冲充电功率限制,Pulse Charge Power Limit,196,1,0,0,0,0,0,0,3,0.125,0.0,0,1,30000,0,,8191.875,0.0,kW,0
持续放电功率限制,Const Discharge Power Limit,197,1,0,0,0,0,0,0,3,0.125,0.0,0,1,30000,0,,8191.875,0.0,kW,0
脉冲放电功率限制,Pulse Discharge Power Limit,198,1,0,0,0,0,0,0,3,0.125,0.0,0,1,30000,0,,8191.875,0.0,kW,0
持续充电电流限制,Const Charge Curr Limit,199,1,0,0,0,0,0,0,3,0.125,0.0,0,1,30000,0,,8191.875,0.0,A,0
脉冲充电电流限制,Pulse Charge Curr Limit,200,1,0,0,0,0,0,0,3,0.125,0.0,0,1,30000,0,,8191.875,0.0,A,0
持续放电电流限制,Const Discharge Curr Limit,201,1,0,0,0,0,0,0,3,0.125,0.0,0,1,30000,0,,8191.875,0.0,A,0
脉冲放电电流限制,Pulse Discharge Curr Limit,202,1,0,0,0,0,0,0,3,0.125,0.0,0,1,30000,0,,8191.875,0.0,A,0
Bank湿度,Bank Humidity,203,1,0,0,0,0,0,0,1,0.1,0.0,0,1,30000,0,,6553.5,0.0,RH,0
Bank温度,Bank Temp,204,1,0,0,0,0,0,0,1,0.1,-40.0,0,1,30000,0,,125.1,-40.0,℃,0
Bank水浸状态,Bank Water Sensor Status,205,1,0,0,0,0,0,0,0,1.0,0.0,0,1,30000,0,,255.0,0.0,,0
Bank BMS心跳信号,Bank BMS Heartbeat,206,1,0,0,0,0,0,0,0,1.0,0.0,0,1,30000,0,,65535.0,0.0,,0
母线电压,DC Bus Voltage,207,1,0,0,0,0,0,0,1,0.5,0.0,0,1,30000,0,,32767.5,0.0,V,0
母线电流,DC Bus Current,208,1,0,0,0,0,0,0,3,0.125,-4000.0,0,1,30000,0,,4191.875,-4000.0,A,0
总功率,Total Power,209,1,0,0,0,0,0,0,0,1.0,0.0,0,1,30000,0,,65535.0,0.0,kW,0
最大Rack电流,Max Rack Current,210,1,0,0,0,0,0,0,3,0.125,-2000.0,0,1,30000,0,,6191.875,-2000.0,A,0
最大电流Rack位置,Max Current Rack Position,211,1,0,0,0,0,0,0,0,1.0,0.0,0,1,30000,0,,255.0,0.0,,0
最小Rack电流,Min Rack Current,212,1,0,0,0,0,0,0,3,0.125,-2000.0,0,1,30000,0,,6191.875,-2000.0,A,0
最小电流Rack位置,Min Current Rack Position,213,1,0,0,0,0,0,0,0,1.0,0.0,0,1,30000,0,,255.0,0.0,,0
最大电芯电压,Max Cell Voltage,214,1,0,0,0,0,0,0,0,1.0,0.0,0,1,30000,0,,65535.0,0.0,mV,0
最大电芯电压Rack位置,Max Cell Voltage Rack Position,215,1,0,0,0,0,0,0,0,1.0,0.0,0,1,30000,0,,255.0,0.0,,0
最大电芯电压模组位置,Max Cell Voltage Module Position,216,1,0,0,0,0,0,0,0,1.0,0.0,0,1,30000,0,,255.0,0.0,,0
最大电芯电压模组内位置,Max Cell Voltage Module Inner Position,217,1,0,0,0,0,0,0,0,1.0,0.0,0,1,30000,0,,255.0,0.0,,0
最小电芯电压,Min Cell Voltage,218,1,0,0,0,0,0,0,0,1.0,0.0,0,1,30000,0,,65535.0,0.0,mV,0
最小电芯电压Rack位置,Min Cell Voltage Rack Position,219,1,0,0,0,0,0,0,0,1.0,0.0,0,1,30000,0,,255.0,0.0,,0
最小电芯电压模组位置,Min Cell Voltage Module Position,220,1,0,0,0,0,0,0,0,1.0,0.0,0,1,30000,0,,255.0,0.0,,0
最小电芯电压模组内位置,Min Cell Voltage Position,221,1,0,0,0,0,0,0,0,1.0,0.0,0,1,30000,0,,255.0,0.0,,0
平均电芯电压,Average Cell Voltage,222,1,0,0,0,0,0,0,0,1.0,0.0,0,1,30000,0,,65535.0,0.0,mV,0
最高高压箱温度Rack位置,Max Hv Box Temp Rack Position,223,1,0,0,0,0,0,0,0,1.0,0.0,0,1,30000,0,,255.0,0.0,,0
最高电芯温度Rack位置,Max Cell Temp Rack Position,224,1,0,0,0,0,0,0,0,1.0,0.0,0,1,30000,0,,255.0,0.0,,0
最高电芯温度模组位置,Max Cell Temp Module Position,225,1,0,0,0,0,0,0,0,1.0,0.0,0,1,30000,0,,255.0,0.0,,0
最高电芯温度模组内位置,Max Cell Temp Module Inner Position,226,1,0,0,0,0,0,0,0,1.0,0.0,0,1,30000,0,,255.0,0.0,,0
最低高压箱温度Rack位置,Min Hv Box Temp Rack Position,227,1,0,0,0,0,0,0,0,1.0,0.0,0,1,30000,0,,255.0,0.0,,0
最低电芯温度Rack位置,Min Cell Temp Rack Position,228,1,0,0,0,0,0,0,0,1.0,0.0,0,1,30000,0,,255.0,0.0,,0
最低电芯温度模组位置,Min Cell Temp Module Position,229,1,0,0,0,0,0,0,0,1.0,0.0,0,1,30000,0,,255.0,0.0,,0
最低电芯温度模组内位置,Min Cell Temp Module Inner Position,230,1,0,0,0,0,0,0,0,1.0,0.0,0,1,30000,0,,255.0,0.0,,0
禁止升级标志位,Prohibited Upgrade Flag,231,1,0,0,0,0,0,0,0,1.0,0.0,0,1,30000,0,,1.0,0.0,flg,0
系统故障等级,System Fault Level,232,1,0,0,0,0,0,0,0,1.0,0.0,0,1,30000,0,,255.0,0.0,,0
Bank ID编码状态,Bank ID Learn Status,233,1,0,0,0,0,0,0,0,1.0,0.0,0,1,30000,0,,255.0,0.0,,0
Bank ID编码失败位置,Bank ID Learn Fail Position,234,1,0,0,0,0,0,0,0,1.0,0.0,0,1,30000,0,,255.0,0.0,,0
正对地绝缘阻值,Positive to GND Insulation Resistance,235,1,0,0,0,0,0,0,0,1.0,0.0,0,1,30000,0,,65535.0,0.0,kOhm,0
负对地绝缘阻值,Negative to GND Insulation Resistance,236,1,0,0,0,0,0,0,0,1.0,0.0,0,1,30000,0,,65535.0,0.0,kOhm,0
累计充电容量,Accu Charge Cap,237,1,0,0,0,0,0,0,0,1.0,0.0,0,1,30000,0,,4294967295.0,0.0,Ah,0
累计充电能量,Accu Charge Eng,238,1,0,0,0,0,0,0,0,1.0,0.0,0,1,30000,0,,4294967295.0,0.0,kWh,0
累计放电容量,Accu Discharge Cap,239,1,0,0,0,0,0,0,0,1.0,0.0,0,1,30000,0,,4294967295.0,0.0,Ah,0
累计放电能量,Accu Discharge Eng,240,1,0,0,0,0,0,0,0,1.0,0.0,0,1,30000,0,,4294967295.0,0.0,kWh,0
最近一次堆充电能量,Bank Last Charge Energy,241,1,0,0,0,0,0,0,0,1.0,0.0,0,1,30000,0,,65535.0,0.0,kWh,0
最近一次堆放电能量,Bank Last Discharge Energy,242,1,0,0,0,0,0,0,0,1.0,0.0,0,1,30000,0,,65535.0,0.0,kWh,0
Rack使能数量,Rack Enable Number,243,1,0,0,0,0,0,0,0,1.0,0.0,0,1,30000,0,,255.0,0.0,Nbr,0
Rack在线数量,Rack Online Number,244,1,0,0,0,0,0,0,0,1.0,0.0,0,1,30000,0,,255.0,0.0,Nbr,0
高压连接失败原因,HV Connect Fail Reason,245,1,0,0,0,0,0,0,0,1.0,0.0,0,1,30000,0,,255.0,0.0,,0
可充容量,Remaining Charge Cap,246,1,0,0,0,0,0,0,0,1.0,0.0,0,1,30000,0,,65535.0,0.0,Ah,0
可放容量,Remaining Discharge Cap,247,1,0,0,0,0,0,0,0,1.0,0.0,0,1,30000,0,,65535.0,0.0,Ah,0
最高高压箱温度,Max Hv Box Temp,248,1,0,0,0,0,0,0,1,0.1,-40.0,0,1,30000,0,,6513.5,-40.0,℃,0
最低高压箱温度,Min Hv Box Temp,249,1,0,0,0,0,0,0,1,0.1,-40.0,0,1,30000,0,,6513.5,-40.0,℃,0
最高电芯温度,Max Cell Temp,250,1,0,0,0,0,0,0,1,0.1,-40.0,0,1,30000,0,,6513.5,-40.0,℃,0
最低电芯温度,Min Cell Temp,251,1,0,0,0,0,0,0,1,0.1,-40.0,0,1,30000,0,,6513.5,-40.0,℃,0
平均电芯温度,Average Cell Temp,252,1,0,0,0,0,0,0,1,0.1,-40.0,0,1,30000,0,,6513.5,-40.0,℃,0
最高极柱温度,Max Pole Temp,253,1,0,0,0,0,0,0,1,0.1,-40.0,0,1,30000,0,,6513.5,-40.0,℃,0
最低极柱温度,Min Pole Temp,254,1,0,0,0,0,0,0,1,0.1,-40.0,0,1,30000,0,,6513.5,-40.0,℃,0
最高极柱温度Rack位置,Max Pole Temp Rack Position,255,1,0,0,0,0,0,0,0,1.0,0.0,0,1,30000,0,,255.0,0.0,,0
最高极柱温度模组位置,Max Pole Temp Module Position,256,1,0,0,0,0,0,0,0,1.0,0.0,0,1,30000,0,,255.0,0.0,,0
最高极柱温度模组内位置,Max Pole Temp Module Inner Position,257,1,0,0,0,0,0,0,0,1.0,0.0,0,1,30000,0,,255.0,0.0,,0
最低极柱温度Rack位置,Min Pole Temp Rack Position,258,1,0,0,0,0,0,0,0,1.0,0.0,0,1,30000,0,,255.0,0.0,,0
最低极柱温度模组位置,Min Pole Temp Module Position,259,1,0,0,0,0,0,0,0,1.0,0.0,0,1,30000,0,,255.0,0.0,,0
最低极柱温度模组内位置,Min Pole Temp Module Inner Position,260,1,0,0,0,0,0,0,0,1.0,0.0,0,1,30000,0,,255.0,0.0,,0
堆编号,Bank Number,842,1,0,0,0,0,0,0,0,1.0,0.0,0,1,30000,0,,15.0,0.0,Nbr,0
簇防反接检测开始标志位,Rack Anti-Reverse Connection Detection Start Flag,262,1,0,0,0,0,0,0,0,1.0,0.0,0,1,30000,0,,1.0,0.0,flg,0
预留占位,Reserved,263,1,0,0,0,0,0,0,0,1.0,0.0,0,1,30000,0,,7.0,0.0,,0
高压盒与汇流柜反接簇编号,HV Box And Busbar Cabinet reverse connection cluster,264,1,0,0,0,0,0,0,0,1.0,0.0,0,1,30000,0,,65535.0,0.0,Nbr,0
设定温度,Setting Temp,265,1,0,0,0,0,0,0,0,1.0,-40.0,0,1,30000,0,,215.0,-40.0,℃,0
电芯最高温度,Max Cell Temp,266,1,0,0,0,0,0,0,0,1.0,-40.0,0,1,30000,0,,215.0,-40.0,℃,0
电芯最低温度,Min Cell Temp,267,1,0,0,0,0,0,0,0,1.0,-40.0,0,1,30000,0,,215.0,-40.0,℃,0
电芯平均温度,Average Cell Temp,268,1,0,0,0,0,0,0,0,1.0,-40.0,0,1,30000,0,,215.0,-40.0,℃,0
出水温度,Outlet Water Temp,269,1,0,0,0,0,0,0,0,1.0,-40.0,0,1,30000,0,,215.0,-40.0,℃,0
进水温度,Inlet Water Temp,270,1,0,0,0,0,0,0,0,1.0,-40.0,0,1,30000,0,,215.0,-40.0,℃,0
环境温度,Environment Temp,271,1,0,0,0,0,0,0,0,1.0,-40.0,0,1,30000,0,,215.0,-40.0,℃,0
进水水压,Inlet Water Pressure,272,1,0,0,0,0,0,0,1,0.1,0.0,0,1,30000,0,,25.5,0.0,Bar,0
出水水压,Outlet Water Pressure,273,1,0,0,0,0,0,0,1,0.1,0.0,0,1,30000,0,,25.5,0.0,Bar,0
TMS 故障等级,TMS Fault Level,274,1,0,0,0,0,0,0,0,1.0,0.0,0,1,30000,0,,3.0,0.0,,0
TMS 故障码,TMS Fault Code,275,1,0,0,0,0,0,0,0,1.0,0.0,0,1,30000,0,,63.0,0.0,,0
BMS请求模式,BMS Request Mode,276,1,0,0,0,0,0,0,0,1.0,0.0,0,1,30000,0,,3.0,0.0,,0
TMS工作模式,TMS Working Mode,277,1,0,0,0,0,0,0,0,1.0,0.0,0,1,30000,0,,3.0,0.0,,0
TMS编号,TMS Number,283,1,0,0,0,0,0,0,0,1.0,0.0,0,1,30000,0,,15.0,0.0,Nbr,0
TMS制冷状态,TMS Cool Status,279,1,0,0,0,0,0,0,0,1.0,0.0,0,1,30000,0,,255.0,0.0,Nbr,0
强控TMS工作模式,Force Control TMS Operating Mode,280,1,0,0,0,0,0,0,0,1.0,0.0,0,1,30000,0,,255.0,0.0,,0
强控TMS工作温度,Force Control TMS Operating Temperature,281,1,0,0,0,0,0,0,0,1.0,0.0,0,1,30000,0,,255.0,0.0,℃,0
强控TMS使能信号,Force Control TMS Enable Signal,282,1,0,0,0,0,0,0,0,1.0,0.0,0,1,30000,0,,1.0,0.0,flg,0
TMS编号,TMS Number,283,1,0,0,0,0,0,0,0,1.0,0.0,0,1,30000,0,,255.0,0.0,Nbr,0
强控灯,Light control,284,1,0,0,0,0,0,0,0,1.0,0.0,0,1,30000,0,,7.0,0.0,,0
制热启动温度最小电芯温度阈值,TMSEntHeatMinTemUpLimt,285,1,0,0,0,0,0,0,0,1.0,-40.0,0,1,30000,0,,215.0,-40.0,℃,0
制热启动温度平均电芯温度阈值,TMSEntHeatAvgTemUpLimt,286,1,0,0,0,0,0,0,0,1.0,-40.0,0,1,30000,0,,215.0,-40.0,℃,0
制热停止温度最小电芯温度阈值,TMSExtHeatMinTemUpLimt,287,1,0,0,0,0,0,0,0,1.0,-40.0,0,1,30000,0,,215.0,-40.0,℃,0
制热停止温度平均电芯温度阈值,TMSExtHeatAvgTemUpLimt,288,1,0,0,0,0,0,0,0,1.0,-40.0,0,1,30000,0,,215.0,-40.0,℃,0
制冷A启动温度最大电芯温度阈值,TMSEntCoolMaxTemUpLimt,289,1,0,0,0,0,0,0,0,1.0,-40.0,0,1,30000,0,,215.0,-40.0,℃,0
制冷A启动温度平均电芯温度阈值,TMSEntCoolAvgTemUpLimt,290,1,0,0,0,0,0,0,0,1.0,-40.0,0,1,30000,0,,215.0,-40.0,℃,0
制冷A停止温度最大电芯温度阈值,TMSExtCoolMaxTemUpLimt,291,1,0,0,0,0,0,0,0,1.0,-40.0,0,1,30000,0,,215.0,-40.0,℃,0
制冷A停止温度平均电芯温度阈值,TMSExtCoolAvgTemUpLimt,292,1,0,0,0,0,0,0,0,1.0,-40.0,0,1,30000,0,,215.0,-40.0,℃,0
DO0控制,DO0,293,1,0,0,0,0,0,0,0,1.0,0.0,0,1,30000,0,,1.0,0.0,flg,0
DO1控制,DO1,294,1,0,0,0,0,0,0,0,1.0,0.0,0,1,30000,0,,1.0,0.0,flg,0
DO2控制,DO2,295,1,0,0,0,0,0,0,0,1.0,0.0,0,1,30000,0,,1.0,0.0,flg,0
DO3控制,DO3,296,1,0,0,0,0,0,0,0,1.0,0.0,0,1,30000,0,,1.0,0.0,flg,0
DO4控制,DO4,297,1,0,0,0,0,0,0,0,1.0,0.0,0,1,30000,0,,1.0,0.0,flg,0
DO5控制,DO5,298,1,0,0,0,0,0,0,0,1.0,0.0,0,1,30000,0,,1.0,0.0,flg,0
DO6控制,DO6,299,1,0,0,0,0,0,0,0,1.0,0.0,0,1,30000,0,,1.0,0.0,flg,0
DO7控制,DO7,300,1,0,0,0,0,0,0,0,1.0,0.0,0,1,30000,0,,1.0,0.0,flg,0
DO8控制,DO8,301,1,0,0,0,0,0,0,0,1.0,0.0,0,1,30000,0,,1.0,0.0,flg,0
DO9控制,DO9,302,1,0,0,0,0,0,0,0,1.0,0.0,0,1,30000,0,,1.0,0.0,flg,0
DO10控制,DO10,303,1,0,0,0,0,0,0,0,1.0,0.0,0,1,30000,0,,1.0,0.0,flg,0
DO11控制,DO11,304,1,0,0,0,0,0,0,0,1.0,0.0,0,1,30000,0,,1.0,0.0,flg,0
Bank故障数组历史信息标定指示,Bank Fault Array History Info Calibration Indicator,305,1,0,0,0,0,0,0,0,1.0,0.0,0,1,30000,0,,255.0,0.0,,0
Bank故障数组历史信息标定值[0],Bank Fault Array History Info Calibration Value [0],306,1,0,0,0,0,0,0,0,1.0,0.0,0,1,30000,0,,65535.0,0.0,,0
Bank故障数组历史信息标定值[1],Bank Fault Array History Info Calibration Value [1],307,1,0,0,0,0,0,0,0,1.0,0.0,0,1,30000,0,,65535.0,0.0,,0
Bank故障数组历史信息标定值[2],Bank Fault Array History Info Calibration Value [2],308,1,0,0,0,0,0,0,0,1.0,0.0,0,1,30000,0,,65535.0,0.0,,0
Bank故障数组历史信息标定值[3],Bank Fault Array History Info Calibration Value [3],309,1,0,0,0,0,0,0,0,1.0,0.0,0,1,30000,0,,65535.0,0.0,,0
Bank故障数组历史信息标定值[4],Bank Fault Array History Info Calibration Value [4],310,1,0,0,0,0,0,0,0,1.0,0.0,0,1,30000,0,,65535.0,0.0,,0
Bank故障数组历史信息标定值[5],Bank Fault Array History Info Calibration Value [5],311,1,0,0,0,0,0,0,0,1.0,0.0,0,1,30000,0,,65535.0,0.0,,0
Bank故障数组历史信息标定值[6],Bank Fault Array History Info Calibration Value [6],312,1,0,0,0,0,0,0,0,1.0,0.0,0,1,30000,0,,65535.0,0.0,,0
Bank故障数组历史信息标定值[7],Bank Fault Array History Info Calibration Value [7],313,1,0,0,0,0,0,0,0,1.0,0.0,0,1,30000,0,,65535.0,0.0,,0
Bank故障数组历史信息标定值[8],Bank Fault Array History Info Calibration Value [8],314,1,0,0,0,0,0,0,0,1.0,0.0,0,1,30000,0,,65535.0,0.0,,0
Bank故障数组历史信息标定值[9],Bank Fault Array History Info Calibration Value [9],315,1,0,0,0,0,0,0,0,1.0,0.0,0,1,30000,0,,65535.0,0.0,,0
Bank故障数组历史信息标定值[10],Bank Fault Array History Info Calibration Value [10],316,1,0,0,0,0,0,0,0,1.0,0.0,0,1,30000,0,,65535.0,0.0,,0
Bank故障数组历史信息标定值[11],Bank Fault Array History Info Calibration Value [11],317,1,0,0,0,0,0,0,0,1.0,0.0,0,1,30000,0,,65535.0,0.0,,0
Bank故障数组历史信息标定值[12],Bank Fault Array History Info Calibration Value [12],318,1,0,0,0,0,0,0,0,1.0,0.0,0,1,30000,0,,65535.0,0.0,,0
Bank故障数组历史信息标定值[13],Bank Fault Array History Info Calibration Value [13],319,1,0,0,0,0,0,0,0,1.0,0.0,0,1,30000,0,,65535.0,0.0,,0
Bank故障数组历史信息标定值[14],Bank Fault Array History Info Calibration Value [14],320,1,0,0,0,0,0,0,0,1.0,0.0,0,1,30000,0,,65535.0,0.0,,0
Bank故障数组历史信息标定值[15],Bank Fault Array History Info Calibration Value [15],321,1,0,0,0,0,0,0,0,1.0,0.0,0,1,30000,0,,65535.0,0.0,,0
Bank故障数组历史信息标定值[16],Bank Fault Array History Info Calibration Value [16],322,1,0,0,0,0,0,0,0,1.0,0.0,0,1,30000,0,,65535.0,0.0,,0
Bank故障数组历史信息标定值[17],Bank Fault Array History Info Calibration Value [17],323,1,0,0,0,0,0,0,0,1.0,0.0,0,1,30000,0,,65535.0,0.0,,0
Bank故障数组历史信息标定值[18],Bank Fault Array History Info Calibration Value [18],324,1,0,0,0,0,0,0,0,1.0,0.0,0,1,30000,0,,65535.0,0.0,,0
Bank故障数组历史信息标定值[19],Bank Fault Array History Info Calibration Value [19],325,1,0,0,0,0,0,0,0,1.0,0.0,0,1,30000,0,,65535.0,0.0,,0
Bank故障数组历史信息标定值[20],Bank Fault Array History Info Calibration Value [20],326,1,0,0,0,0,0,0,0,1.0,0.0,0,1,30000,0,,65535.0,0.0,,0
Bank故障数组历史信息标定值[21],Bank Fault Array History Info Calibration Value [21],327,1,0,0,0,0,0,0,0,1.0,0.0,0,1,30000,0,,65535.0,0.0,,0
Bank故障数组历史信息标定值[22],Bank Fault Array History Info Calibration Value [22],328,1,0,0,0,0,0,0,0,1.0,0.0,0,1,30000,0,,65535.0,0.0,,0
Bank故障数组历史信息标定值[23],Bank Fault Array History Info Calibration Value [23],329,1,0,0,0,0,0,0,0,1.0,0.0,0,1,30000,0,,65535.0,0.0,,0
Bank故障数组历史信息标定值[24],Bank Fault Array History Info Calibration Value [24],330,1,0,0,0,0,0,0,0,1.0,0.0,0,1,30000,0,,65535.0,0.0,,0
Bank故障数组历史信息标定值[25],Bank Fault Array History Info Calibration Value [25],331,1,0,0,0,0,0,0,0,1.0,0.0,0,1,30000,0,,65535.0,0.0,,0
Bank故障数组历史信息标定值[26],Bank Fault Array History Info Calibration Value [26],332,1,0,0,0,0,0,0,0,1.0,0.0,0,1,30000,0,,65535.0,0.0,,0
Bank故障数组历史信息标定值[27],Bank Fault Array History Info Calibration Value [27],333,1,0,0,0,0,0,0,0,1.0,0.0,0,1,30000,0,,65535.0,0.0,,0
Bank故障数组历史信息标定值[28],Bank Fault Array History Info Calibration Value [28],334,1,0,0,0,0,0,0,0,1.0,0.0,0,1,30000,0,,65535.0,0.0,,0
Bank故障数组历史信息标定值[29],Bank Fault Array History Info Calibration Value [29],335,1,0,0,0,0,0,0,0,1.0,0.0,0,1,30000,0,,65535.0,0.0,,0
Bank故障数组历史信息标定值[30],Bank Fault Array History Info Calibration Value [30],336,1,0,0,0,0,0,0,0,1.0,0.0,0,1,30000,0,,65535.0,0.0,,0
Bank故障数组历史信息标定值[31],Bank Fault Array History Info Calibration Value [31],337,1,0,0,0,0,0,0,0,1.0,0.0,0,1,30000,0,,65535.0,0.0,,0
Bank故障数组历史信息标定值[32],Bank Fault Array History Info Calibration Value [32],338,1,0,0,0,0,0,0,0,1.0,0.0,0,1,30000,0,,65535.0,0.0,,0
Bank故障数组历史信息标定值[33],Bank Fault Array History Info Calibration Value [33],339,1,0,0,0,0,0,0,0,1.0,0.0,0,1,30000,0,,65535.0,0.0,,0
Bank故障数组历史信息标定值[34],Bank Fault Array History Info Calibration Value [34],340,1,0,0,0,0,0,0,0,1.0,0.0,0,1,30000,0,,65535.0,0.0,,0
Bank故障数组历史信息标定值[35],Bank Fault Array History Info Calibration Value [35],341,1,0,0,0,0,0,0,0,1.0,0.0,0,1,30000,0,,65535.0,0.0,,0
Bank故障数组历史信息标定值[36],Bank Fault Array History Info Calibration Value [36],342,1,0,0,0,0,0,0,0,1.0,0.0,0,1,30000,0,,65535.0,0.0,,0
Bank故障数组历史信息标定值[37],Bank Fault Array History Info Calibration Value [37],343,1,0,0,0,0,0,0,0,1.0,0.0,0,1,30000,0,,65535.0,0.0,,0
Bank故障数组历史信息标定值[38],Bank Fault Array History Info Calibration Value [38],344,1,0,0,0,0,0,0,0,1.0,0.0,0,1,30000,0,,65535.0,0.0,,0
Bank故障数组历史信息标定值[39],Bank Fault Array History Info Calibration Value [39],345,1,0,0,0,0,0,0,0,1.0,0.0,0,1,30000,0,,65535.0,0.0,,0
Bank故障数组历史信息标定值[40],Bank Fault Array History Info Calibration Value [40],346,1,0,0,0,0,0,0,0,1.0,0.0,0,1,30000,0,,65535.0,0.0,,0
Bank故障数组历史信息标定值[41],Bank Fault Array History Info Calibration Value [41],347,1,0,0,0,0,0,0,0,1.0,0.0,0,1,30000,0,,65535.0,0.0,,0
Bank故障数组历史信息标定值[42],Bank Fault Array History Info Calibration Value [42],348,1,0,0,0,0,0,0,0,1.0,0.0,0,1,30000,0,,65535.0,0.0,,0
Bank故障数组历史信息标定值[43],Bank Fault Array History Info Calibration Value [43],349,1,0,0,0,0,0,0,0,1.0,0.0,0,1,30000,0,,65535.0,0.0,,0
Bank故障数组历史信息标定值[44],Bank Fault Array History Info Calibration Value [44],350,1,0,0,0,0,0,0,0,1.0,0.0,0,1,30000,0,,65535.0,0.0,,0
Bank故障数组历史信息标定值[45],Bank Fault Array History Info Calibration Value [45],351,1,0,0,0,0,0,0,0,1.0,0.0,0,1,30000,0,,65535.0,0.0,,0
Bank故障数组历史信息标定值[46],Bank Fault Array History Info Calibration Value [46],352,1,0,0,0,0,0,0,0,1.0,0.0,0,1,30000,0,,65535.0,0.0,,0
Bank故障数组历史信息标定值[47],Bank Fault Array History Info Calibration Value [47],353,1,0,0,0,0,0,0,0,1.0,0.0,0,1,30000,0,,65535.0,0.0,,0
Bank故障数组历史信息标定值[48],Bank Fault Array History Info Calibration Value [48],354,1,0,0,0,0,0,0,0,1.0,0.0,0,1,30000,0,,65535.0,0.0,,0
Bank故障数组历史信息标定值[49],Bank Fault Array History Info Calibration Value [49],355,1,0,0,0,0,0,0,0,1.0,0.0,0,1,30000,0,,65535.0,0.0,,0
Bank故障数组历史信息标定值[50],Bank Fault Array History Info Calibration Value [50],356,1,0,0,0,0,0,0,0,1.0,0.0,0,1,30000,0,,65535.0,0.0,,0
Bank故障数组历史信息标定值[51],Bank Fault Array History Info Calibration Value [51],357,1,0,0,0,0,0,0,0,1.0,0.0,0,1,30000,0,,65535.0,0.0,,0
Bank故障数组历史信息标定值[52],Bank Fault Array History Info Calibration Value [52],358,1,0,0,0,0,0,0,0,1.0,0.0,0,1,30000,0,,65535.0,0.0,,0
Bank故障数组历史信息标定值[53],Bank Fault Array History Info Calibration Value [53],359,1,0,0,0,0,0,0,0,1.0,0.0,0,1,30000,0,,65535.0,0.0,,0
Bank故障数组历史信息标定值[54],Bank Fault Array History Info Calibration Value [54],360,1,0,0,0,0,0,0,0,1.0,0.0,0,1,30000,0,,65535.0,0.0,,0
Bank故障数组历史信息标定值[55],Bank Fault Array History Info Calibration Value [55],361,1,0,0,0,0,0,0,0,1.0,0.0,0,1,30000,0,,65535.0,0.0,,0
Bank故障数组历史信息标定值[56],Bank Fault Array History Info Calibration Value [56],362,1,0,0,0,0,0,0,0,1.0,0.0,0,1,30000,0,,65535.0,0.0,,0
Bank故障数组历史信息标定值[57],Bank Fault Array History Info Calibration Value [57],363,1,0,0,0,0,0,0,0,1.0,0.0,0,1,30000,0,,65535.0,0.0,,0
Bank故障数组历史信息标定值[58],Bank Fault Array History Info Calibration Value [58],364,1,0,0,0,0,0,0,0,1.0,0.0,0,1,30000,0,,65535.0,0.0,,0
Bank故障数组历史信息标定值[59],Bank Fault Array History Info Calibration Value [59],365,1,0,0,0,0,0,0,0,1.0,0.0,0,1,30000,0,,65535.0,0.0,,0
Bank故障数组历史信息标定值[60],Bank Fault Array History Info Calibration Value [60],366,1,0,0,0,0,0,0,0,1.0,0.0,0,1,30000,0,,65535.0,0.0,,0
Bank故障数组历史信息标定值[61],Bank Fault Array History Info Calibration Value [61],367,1,0,0,0,0,0,0,0,1.0,0.0,0,1,30000,0,,65535.0,0.0,,0
Bank故障数组历史信息标定值[62],Bank Fault Array History Info Calibration Value [62],368,1,0,0,0,0,0,0,0,1.0,0.0,0,1,30000,0,,65535.0,0.0,,0
Bank故障数组历史信息标定值[63],Bank Fault Array History Info Calibration Value [63],369,1,0,0,0,0,0,0,0,1.0,0.0,0,1,30000,0,,65535.0,0.0,,0
Bank故障数组历史信息标定值[64],Bank Fault Array History Info Calibration Value [64],370,1,0,0,0,0,0,0,0,1.0,0.0,0,1,30000,0,,65535.0,0.0,,0
Bank故障数组历史信息标定值[65],Bank Fault Array History Info Calibration Value [65],371,1,0,0,0,0,0,0,0,1.0,0.0,0,1,30000,0,,65535.0,0.0,,0
Bank故障数组历史信息标定值[66],Bank Fault Array History Info Calibration Value [66],372,1,0,0,0,0,0,0,0,1.0,0.0,0,1,30000,0,,65535.0,0.0,,0
Bank故障数组历史信息标定值[67],Bank Fault Array History Info Calibration Value [67],373,1,0,0,0,0,0,0,0,1.0,0.0,0,1,30000,0,,65535.0,0.0,,0
Bank故障数组历史信息标定值[68],Bank Fault Array History Info Calibration Value [68],374,1,0,0,0,0,0,0,0,1.0,0.0,0,1,30000,0,,65535.0,0.0,,0
Bank故障数组历史信息标定值[69],Bank Fault Array History Info Calibration Value [69],375,1,0,0,0,0,0,0,0,1.0,0.0,0,1,30000,0,,65535.0,0.0,,0
Bank故障数组历史信息标定值[70],Bank Fault Array History Info Calibration Value [70],376,1,0,0,0,0,0,0,0,1.0,0.0,0,1,30000,0,,65535.0,0.0,,0
Bank故障数组历史信息标定值[71],Bank Fault Array History Info Calibration Value [71],377,1,0,0,0,0,0,0,0,1.0,0.0,0,1,30000,0,,65535.0,0.0,,0
Bank故障数组历史信息标定值[72],Bank Fault Array History Info Calibration Value [72],378,1,0,0,0,0,0,0,0,1.0,0.0,0,1,30000,0,,65535.0,0.0,,0
Bank故障数组历史信息标定值[73],Bank Fault Array History Info Calibration Value [73],379,1,0,0,0,0,0,0,0,1.0,0.0,0,1,30000,0,,65535.0,0.0,,0
Bank故障数组历史信息标定值[74],Bank Fault Array History Info Calibration Value [74],380,1,0,0,0,0,0,0,0,1.0,0.0,0,1,30000,0,,65535.0,0.0,,0
Bank故障数组历史信息标定值[75],Bank Fault Array History Info Calibration Value [75],381,1,0,0,0,0,0,0,0,1.0,0.0,0,1,30000,0,,65535.0,0.0,,0
Bank故障数组历史信息标定值[76],Bank Fault Array History Info Calibration Value [76],382,1,0,0,0,0,0,0,0,1.0,0.0,0,1,30000,0,,65535.0,0.0,,0
Bank故障数组历史信息标定值[77],Bank Fault Array History Info Calibration Value [77],383,1,0,0,0,0,0,0,0,1.0,0.0,0,1,30000,0,,65535.0,0.0,,0
Bank故障数组历史信息标定值[78],Bank Fault Array History Info Calibration Value [78],384,1,0,0,0,0,0,0,0,1.0,0.0,0,1,30000,0,,65535.0,0.0,,0
Bank故障数组历史信息标定值[79],Bank Fault Array History Info Calibration Value [79],385,1,0,0,0,0,0,0,0,1.0,0.0,0,1,30000,0,,65535.0,0.0,,0
Bank故障数组历史信息标定值[80],Bank Fault Array History Info Calibration Value [80],386,1,0,0,0,0,0,0,0,1.0,0.0,0,1,30000,0,,65535.0,0.0,,0
Bank故障数组历史信息标定值[81],Bank Fault Array History Info Calibration Value [81],387,1,0,0,0,0,0,0,0,1.0,0.0,0,1,30000,0,,65535.0,0.0,,0
Bank故障数组历史信息标定值[82],Bank Fault Array History Info Calibration Value [82],388,1,0,0,0,0,0,0,0,1.0,0.0,0,1,30000,0,,65535.0,0.0,,0
Bank故障数组历史信息标定值[83],Bank Fault Array History Info Calibration Value [83],389,1,0,0,0,0,0,0,0,1.0,0.0,0,1,30000,0,,65535.0,0.0,,0
Bank故障数组历史信息标定值[84],Bank Fault Array History Info Calibration Value [84],390,1,0,0,0,0,0,0,0,1.0,0.0,0,1,30000,0,,65535.0,0.0,,0
Bank故障数组历史信息标定值[85],Bank Fault Array History Info Calibration Value [85],391,1,0,0,0,0,0,0,0,1.0,0.0,0,1,30000,0,,65535.0,0.0,,0
Bank故障数组历史信息标定值[86],Bank Fault Array History Info Calibration Value [86],392,1,0,0,0,0,0,0,0,1.0,0.0,0,1,30000,0,,65535.0,0.0,,0
Bank故障数组历史信息标定值[87],Bank Fault Array History Info Calibration Value [87],393,1,0,0,0,0,0,0,0,1.0,0.0,0,1,30000,0,,65535.0,0.0,,0
Bank故障数组历史信息标定值[88],Bank Fault Array History Info Calibration Value [88],394,1,0,0,0,0,0,0,0,1.0,0.0,0,1,30000,0,,65535.0,0.0,,0
Bank故障数组历史信息标定值[89],Bank Fault Array History Info Calibration Value [89],395,1,0,0,0,0,0,0,0,1.0,0.0,0,1,30000,0,,65535.0,0.0,,0
Bank故障数组历史信息标定值[90],Bank Fault Array History Info Calibration Value [90],396,1,0,0,0,0,0,0,0,1.0,0.0,0,1,30000,0,,65535.0,0.0,,0
Bank故障数组历史信息标定值[91],Bank Fault Array History Info Calibration Value [91],397,1,0,0,0,0,0,0,0,1.0,0.0,0,1,30000,0,,65535.0,0.0,,0
Bank故障数组历史信息标定值[92],Bank Fault Array History Info Calibration Value [92],398,1,0,0,0,0,0,0,0,1.0,0.0,0,1,30000,0,,65535.0,0.0,,0
Bank故障数组历史信息标定值[93],Bank Fault Array History Info Calibration Value [93],399,1,0,0,0,0,0,0,0,1.0,0.0,0,1,30000,0,,65535.0,0.0,,0
Bank故障数组历史信息标定值[94],Bank Fault Array History Info Calibration Value [94],400,1,0,0,0,0,0,0,0,1.0,0.0,0,1,30000,0,,65535.0,0.0,,0
Bank故障数组历史信息标定值[95],Bank Fault Array History Info Calibration Value [95],401,1,0,0,0,0,0,0,0,1.0,0.0,0,1,30000,0,,65535.0,0.0,,0
Bank故障数组历史信息标定值[96],Bank Fault Array History Info Calibration Value [96],402,1,0,0,0,0,0,0,0,1.0,0.0,0,1,30000,0,,65535.0,0.0,,0
Bank故障数组历史信息标定值[97],Bank Fault Array History Info Calibration Value [97],403,1,0,0,0,0,0,0,0,1.0,0.0,0,1,30000,0,,65535.0,0.0,,0
Bank故障数组历史信息标定值[98],Bank Fault Array History Info Calibration Value [98],404,1,0,0,0,0,0,0,0,1.0,0.0,0,1,30000,0,,65535.0,0.0,,0
Bank故障数组历史信息标定值[99],Bank Fault Array History Info Calibration Value [99],405,1,0,0,0,0,0,0,0,1.0,0.0,0,1,30000,0,,65535.0,0.0,,0
Bank故障数组历史信息标定值[100],Bank Fault Array History Info Calibration Value [100],406,1,0,0,0,0,0,0,0,1.0,0.0,0,1,30000,0,,65535.0,0.0,,0
Bank故障数组历史信息标定值[101],Bank Fault Array History Info Calibration Value [101],407,1,0,0,0,0,0,0,0,1.0,0.0,0,1,30000,0,,65535.0,0.0,,0
Bank故障数组历史信息标定值[102],Bank Fault Array History Info Calibration Value [102],408,1,0,0,0,0,0,0,0,1.0,0.0,0,1,30000,0,,65535.0,0.0,,0
Bank故障数组历史信息标定值[103],Bank Fault Array History Info Calibration Value [103],409,1,0,0,0,0,0,0,0,1.0,0.0,0,1,30000,0,,65535.0,0.0,,0
Bank故障数组历史信息标定值[104],Bank Fault Array History Info Calibration Value [104],410,1,0,0,0,0,0,0,0,1.0,0.0,0,1,30000,0,,65535.0,0.0,,0
Bank故障数组历史信息标定值[105],Bank Fault Array History Info Calibration Value [105],411,1,0,0,0,0,0,0,0,1.0,0.0,0,1,30000,0,,65535.0,0.0,,0
Bank故障数组历史信息标定值[106],Bank Fault Array History Info Calibration Value [106],412,1,0,0,0,0,0,0,0,1.0,0.0,0,1,30000,0,,65535.0,0.0,,0
Bank故障数组历史信息标定值[107],Bank Fault Array History Info Calibration Value [107],413,1,0,0,0,0,0,0,0,1.0,0.0,0,1,30000,0,,65535.0,0.0,,0
Bank故障数组历史信息标定值[108],Bank Fault Array History Info Calibration Value [108],414,1,0,0,0,0,0,0,0,1.0,0.0,0,1,30000,0,,65535.0,0.0,,0
Bank故障数组历史信息标定值[109],Bank Fault Array History Info Calibration Value [109],415,1,0,0,0,0,0,0,0,1.0,0.0,0,1,30000,0,,65535.0,0.0,,0
Bank故障数组历史信息标定值[110],Bank Fault Array History Info Calibration Value [110],416,1,0,0,0,0,0,0,0,1.0,0.0,0,1,30000,0,,65535.0,0.0,,0
Bank故障数组历史信息标定值[111],Bank Fault Array History Info Calibration Value [111],417,1,0,0,0,0,0,0,0,1.0,0.0,0,1,30000,0,,65535.0,0.0,,0
Bank故障数组历史信息标定值[112],Bank Fault Array History Info Calibration Value [112],418,1,0,0,0,0,0,0,0,1.0,0.0,0,1,30000,0,,65535.0,0.0,,0
Bank故障数组历史信息标定值[113],Bank Fault Array History Info Calibration Value [113],419,1,0,0,0,0,0,0,0,1.0,0.0,0,1,30000,0,,65535.0,0.0,,0
Bank故障数组历史信息标定值[114],Bank Fault Array History Info Calibration Value [114],420,1,0,0,0,0,0,0,0,1.0,0.0,0,1,30000,0,,65535.0,0.0,,0
Bank故障数组历史信息标定值[115],Bank Fault Array History Info Calibration Value [115],421,1,0,0,0,0,0,0,0,1.0,0.0,0,1,30000,0,,65535.0,0.0,,0
Bank故障数组历史信息标定值[116],Bank Fault Array History Info Calibration Value [116],422,1,0,0,0,0,0,0,0,1.0,0.0,0,1,30000,0,,65535.0,0.0,,0
Bank故障数组历史信息标定值[117],Bank Fault Array History Info Calibration Value [117],423,1,0,0,0,0,0,0,0,1.0,0.0,0,1,30000,0,,65535.0,0.0,,0
Bank故障数组历史信息标定值[118],Bank Fault Array History Info Calibration Value [118],424,1,0,0,0,0,0,0,0,1.0,0.0,0,1,30000,0,,65535.0,0.0,,0
Bank故障数组历史信息标定值[119],Bank Fault Array History Info Calibration Value [119],425,1,0,0,0,0,0,0,0,1.0,0.0,0,1,30000,0,,65535.0,0.0,,0
Bank故障数组历史信息标定值[120],Bank Fault Array History Info Calibration Value [120],426,1,0,0,0,0,0,0,0,1.0,0.0,0,1,30000,0,,65535.0,0.0,,0
Bank故障数组历史信息标定值[121],Bank Fault Array History Info Calibration Value [121],427,1,0,0,0,0,0,0,0,1.0,0.0,0,1,30000,0,,65535.0,0.0,,0
Bank故障数组历史信息标定值[122],Bank Fault Array History Info Calibration Value [122],428,1,0,0,0,0,0,0,0,1.0,0.0,0,1,30000,0,,65535.0,0.0,,0
Bank故障数组历史信息标定值[123],Bank Fault Array History Info Calibration Value [123],429,1,0,0,0,0,0,0,0,1.0,0.0,0,1,30000,0,,65535.0,0.0,,0
Bank故障数组历史信息标定值[124],Bank Fault Array History Info Calibration Value [124],430,1,0,0,0,0,0,0,0,1.0,0.0,0,1,30000,0,,65535.0,0.0,,0
Bank故障数组历史信息标定值[125],Bank Fault Array History Info Calibration Value [125],431,1,0,0,0,0,0,0,0,1.0,0.0,0,1,30000,0,,65535.0,0.0,,0
Bank故障数组历史信息标定值[126],Bank Fault Array History Info Calibration Value [126],432,1,0,0,0,0,0,0,0,1.0,0.0,0,1,30000,0,,65535.0,0.0,,0
Bank故障数组历史信息标定值[127],Bank Fault Array History Info Calibration Value [127],433,1,0,0,0,0,0,0,0,1.0,0.0,0,1,30000,0,,65535.0,0.0,,0
Bank故障数组历史信息标定值[128],Bank Fault Array History Info Calibration Value [128],434,1,0,0,0,0,0,0,0,1.0,0.0,0,1,30000,0,,65535.0,0.0,,0
Bank故障数组历史信息标定值[129],Bank Fault Array History Info Calibration Value [129],435,1,0,0,0,0,0,0,0,1.0,0.0,0,1,30000,0,,65535.0,0.0,,0
Bank故障数组历史信息标定值[130],Bank Fault Array History Info Calibration Value [130],436,1,0,0,0,0,0,0,0,1.0,0.0,0,1,30000,0,,65535.0,0.0,,0
Bank故障数组历史信息标定值[131],Bank Fault Array History Info Calibration Value [131],437,1,0,0,0,0,0,0,0,1.0,0.0,0,1,30000,0,,65535.0,0.0,,0
Bank故障数组历史信息标定值[132],Bank Fault Array History Info Calibration Value [132],438,1,0,0,0,0,0,0,0,1.0,0.0,0,1,30000,0,,65535.0,0.0,,0
Bank故障数组历史信息标定值[133],Bank Fault Array History Info Calibration Value [133],439,1,0,0,0,0,0,0,0,1.0,0.0,0,1,30000,0,,65535.0,0.0,,0
Bank故障数组历史信息标定值[134],Bank Fault Array History Info Calibration Value [134],440,1,0,0,0,0,0,0,0,1.0,0.0,0,1,30000,0,,65535.0,0.0,,0
Bank故障数组历史信息标定值[135],Bank Fault Array History Info Calibration Value [135],441,1,0,0,0,0,0,0,0,1.0,0.0,0,1,30000,0,,65535.0,0.0,,0
Bank故障数组历史信息标定值[136],Bank Fault Array History Info Calibration Value [136],442,1,0,0,0,0,0,0,0,1.0,0.0,0,1,30000,0,,65535.0,0.0,,0
Bank故障数组历史信息标定值[137],Bank Fault Array History Info Calibration Value [137],443,1,0,0,0,0,0,0,0,1.0,0.0,0,1,30000,0,,65535.0,0.0,,0
Bank故障数组历史信息标定值[138],Bank Fault Array History Info Calibration Value [138],444,1,0,0,0,0,0,0,0,1.0,0.0,0,1,30000,0,,65535.0,0.0,,0
Bank故障数组历史信息标定值[139],Bank Fault Array History Info Calibration Value [139],445,1,0,0,0,0,0,0,0,1.0,0.0,0,1,30000,0,,65535.0,0.0,,0
Bank故障数组历史信息标定值[140],Bank Fault Array History Info Calibration Value [140],446,1,0,0,0,0,0,0,0,1.0,0.0,0,1,30000,0,,65535.0,0.0,,0
Bank故障数组历史信息标定值[141],Bank Fault Array History Info Calibration Value [141],447,1,0,0,0,0,0,0,0,1.0,0.0,0,1,30000,0,,65535.0,0.0,,0
Bank故障数组历史信息标定值[142],Bank Fault Array History Info Calibration Value [142],448,1,0,0,0,0,0,0,0,1.0,0.0,0,1,30000,0,,65535.0,0.0,,0
Bank故障数组历史信息标定值[143],Bank Fault Array History Info Calibration Value [143],449,1,0,0,0,0,0,0,0,1.0,0.0,0,1,30000,0,,65535.0,0.0,,0
Bank故障数组历史信息标定值[144],Bank Fault Array History Info Calibration Value [144],450,1,0,0,0,0,0,0,0,1.0,0.0,0,1,30000,0,,65535.0,0.0,,0
Bank故障数组历史信息标定值[145],Bank Fault Array History Info Calibration Value [145],451,1,0,0,0,0,0,0,0,1.0,0.0,0,1,30000,0,,65535.0,0.0,,0
Bank故障数组历史信息标定值[146],Bank Fault Array History Info Calibration Value [146],452,1,0,0,0,0,0,0,0,1.0,0.0,0,1,30000,0,,65535.0,0.0,,0
Bank故障数组历史信息标定值[147],Bank Fault Array History Info Calibration Value [147],453,1,0,0,0,0,0,0,0,1.0,0.0,0,1,30000,0,,65535.0,0.0,,0
Bank故障数组历史信息标定值[148],Bank Fault Array History Info Calibration Value [148],454,1,0,0,0,0,0,0,0,1.0,0.0,0,1,30000,0,,65535.0,0.0,,0
Bank故障数组历史信息标定值[149],Bank Fault Array History Info Calibration Value [149],455,1,0,0,0,0,0,0,0,1.0,0.0,0,1,30000,0,,65535.0,0.0,,0
Bank故障数组历史信息标定值[150],Bank Fault Array History Info Calibration Value [150],456,1,0,0,0,0,0,0,0,1.0,0.0,0,1,30000,0,,65535.0,0.0,,0
Bank故障数组历史信息标定值[151],Bank Fault Array History Info Calibration Value [151],457,1,0,0,0,0,0,0,0,1.0,0.0,0,1,30000,0,,65535.0,0.0,,0
Bank故障数组历史信息标定值[152],Bank Fault Array History Info Calibration Value [152],458,1,0,0,0,0,0,0,0,1.0,0.0,0,1,30000,0,,65535.0,0.0,,0
Bank故障数组历史信息标定值[153],Bank Fault Array History Info Calibration Value [153],459,1,0,0,0,0,0,0,0,1.0,0.0,0,1,30000,0,,65535.0,0.0,,0
Bank故障数组历史信息标定值[154],Bank Fault Array History Info Calibration Value [154],460,1,0,0,0,0,0,0,0,1.0,0.0,0,1,30000,0,,65535.0,0.0,,0
Bank故障数组历史信息标定值[155],Bank Fault Array History Info Calibration Value [155],461,1,0,0,0,0,0,0,0,1.0,0.0,0,1,30000,0,,65535.0,0.0,,0
Bank故障数组历史信息标定值[156],Bank Fault Array History Info Calibration Value [156],462,1,0,0,0,0,0,0,0,1.0,0.0,0,1,30000,0,,65535.0,0.0,,0
Bank故障数组历史信息标定值[157],Bank Fault Array History Info Calibration Value [157],463,1,0,0,0,0,0,0,0,1.0,0.0,0,1,30000,0,,65535.0,0.0,,0
Bank故障数组历史信息标定值[158],Bank Fault Array History Info Calibration Value [158],464,1,0,0,0,0,0,0,0,1.0,0.0,0,1,30000,0,,65535.0,0.0,,0
Bank故障数组历史信息标定值[159],Bank Fault Array History Info Calibration Value [159],465,1,0,0,0,0,0,0,0,1.0,0.0,0,1,30000,0,,65535.0,0.0,,0
Bank故障数组历史信息标定值[160],Bank Fault Array History Info Calibration Value [160],466,1,0,0,0,0,0,0,0,1.0,0.0,0,1,30000,0,,65535.0,0.0,,0
Bank故障数组历史信息标定值[161],Bank Fault Array History Info Calibration Value [161],467,1,0,0,0,0,0,0,0,1.0,0.0,0,1,30000,0,,65535.0,0.0,,0
Bank故障数组历史信息标定值[162],Bank Fault Array History Info Calibration Value [162],468,1,0,0,0,0,0,0,0,1.0,0.0,0,1,30000,0,,65535.0,0.0,,0
Bank故障数组历史信息标定值[163],Bank Fault Array History Info Calibration Value [163],469,1,0,0,0,0,0,0,0,1.0,0.0,0,1,30000,0,,65535.0,0.0,,0
Bank故障数组历史信息标定值[164],Bank Fault Array History Info Calibration Value [164],470,1,0,0,0,0,0,0,0,1.0,0.0,0,1,30000,0,,65535.0,0.0,,0
Bank故障数组历史信息标定值[165],Bank Fault Array History Info Calibration Value [165],471,1,0,0,0,0,0,0,0,1.0,0.0,0,1,30000,0,,65535.0,0.0,,0
Bank故障数组历史信息标定值[166],Bank Fault Array History Info Calibration Value [166],472,1,0,0,0,0,0,0,0,1.0,0.0,0,1,30000,0,,65535.0,0.0,,0
Bank故障数组历史信息标定值[167],Bank Fault Array History Info Calibration Value [167],473,1,0,0,0,0,0,0,0,1.0,0.0,0,1,30000,0,,65535.0,0.0,,0
Bank故障数组历史信息标定值[168],Bank Fault Array History Info Calibration Value [168],474,1,0,0,0,0,0,0,0,1.0,0.0,0,1,30000,0,,65535.0,0.0,,0
Bank故障数组历史信息标定值[169],Bank Fault Array History Info Calibration Value [169],475,1,0,0,0,0,0,0,0,1.0,0.0,0,1,30000,0,,65535.0,0.0,,0
Bank故障数组历史信息标定值[170],Bank Fault Array History Info Calibration Value [170],476,1,0,0,0,0,0,0,0,1.0,0.0,0,1,30000,0,,65535.0,0.0,,0
Bank故障数组历史信息标定值[171],Bank Fault Array History Info Calibration Value [171],477,1,0,0,0,0,0,0,0,1.0,0.0,0,1,30000,0,,65535.0,0.0,,0
Bank故障数组历史信息标定值[172],Bank Fault Array History Info Calibration Value [172],478,1,0,0,0,0,0,0,0,1.0,0.0,0,1,30000,0,,65535.0,0.0,,0
Bank故障数组历史信息标定值[173],Bank Fault Array History Info Calibration Value [173],479,1,0,0,0,0,0,0,0,1.0,0.0,0,1,30000,0,,65535.0,0.0,,0
Bank故障数组历史信息标定值[174],Bank Fault Array History Info Calibration Value [174],480,1,0,0,0,0,0,0,0,1.0,0.0,0,1,30000,0,,65535.0,0.0,,0
Bank故障数组历史信息标定值[175],Bank Fault Array History Info Calibration Value [175],481,1,0,0,0,0,0,0,0,1.0,0.0,0,1,30000,0,,65535.0,0.0,,0
Bank故障数组历史信息标定值[176],Bank Fault Array History Info Calibration Value [176],482,1,0,0,0,0,0,0,0,1.0,0.0,0,1,30000,0,,65535.0,0.0,,0
Bank故障数组历史信息标定值[177],Bank Fault Array History Info Calibration Value [177],483,1,0,0,0,0,0,0,0,1.0,0.0,0,1,30000,0,,65535.0,0.0,,0
Bank故障数组历史信息标定值[178],Bank Fault Array History Info Calibration Value [178],484,1,0,0,0,0,0,0,0,1.0,0.0,0,1,30000,0,,65535.0,0.0,,0
Bank故障数组历史信息标定值[179],Bank Fault Array History Info Calibration Value [179],485,1,0,0,0,0,0,0,0,1.0,0.0,0,1,30000,0,,65535.0,0.0,,0
Bank故障数组历史信息标定值[180],Bank Fault Array History Info Calibration Value [180],486,1,0,0,0,0,0,0,0,1.0,0.0,0,1,30000,0,,65535.0,0.0,,0
Bank故障数组历史信息标定值[181],Bank Fault Array History Info Calibration Value [181],487,1,0,0,0,0,0,0,0,1.0,0.0,0,1,30000,0,,65535.0,0.0,,0
Bank故障数组历史信息标定值[182],Bank Fault Array History Info Calibration Value [182],488,1,0,0,0,0,0,0,0,1.0,0.0,0,1,30000,0,,65535.0,0.0,,0
Bank故障数组历史信息标定值[183],Bank Fault Array History Info Calibration Value [183],489,1,0,0,0,0,0,0,0,1.0,0.0,0,1,30000,0,,65535.0,0.0,,0
Bank故障数组历史信息标定值[184],Bank Fault Array History Info Calibration Value [184],490,1,0,0,0,0,0,0,0,1.0,0.0,0,1,30000,0,,65535.0,0.0,,0
Bank故障数组历史信息标定值[185],Bank Fault Array History Info Calibration Value [185],491,1,0,0,0,0,0,0,0,1.0,0.0,0,1,30000,0,,65535.0,0.0,,0
Bank故障数组历史信息标定值[186],Bank Fault Array History Info Calibration Value [186],492,1,0,0,0,0,0,0,0,1.0,0.0,0,1,30000,0,,65535.0,0.0,,0
Bank故障数组历史信息标定值[187],Bank Fault Array History Info Calibration Value [187],493,1,0,0,0,0,0,0,0,1.0,0.0,0,1,30000,0,,65535.0,0.0,,0
Bank故障数组历史信息标定值[188],Bank Fault Array History Info Calibration Value [188],494,1,0,0,0,0,0,0,0,1.0,0.0,0,1,30000,0,,65535.0,0.0,,0
Bank故障数组历史信息标定值[189],Bank Fault Array History Info Calibration Value [189],495,1,0,0,0,0,0,0,0,1.0,0.0,0,1,30000,0,,65535.0,0.0,,0
Bank故障数组历史信息标定值[190],Bank Fault Array History Info Calibration Value [190],496,1,0,0,0,0,0,0,0,1.0,0.0,0,1,30000,0,,65535.0,0.0,,0
Bank故障数组历史信息标定值[191],Bank Fault Array History Info Calibration Value [191],497,1,0,0,0,0,0,0,0,1.0,0.0,0,1,30000,0,,65535.0,0.0,,0
Bank故障数组历史信息标定值[192],Bank Fault Array History Info Calibration Value [192],498,1,0,0,0,0,0,0,0,1.0,0.0,0,1,30000,0,,65535.0,0.0,,0
Bank故障数组历史信息标定值[193],Bank Fault Array History Info Calibration Value [193],499,1,0,0,0,0,0,0,0,1.0,0.0,0,1,30000,0,,65535.0,0.0,,0
Bank故障数组历史信息标定值[194],Bank Fault Array History Info Calibration Value [194],500,1,0,0,0,0,0,0,0,1.0,0.0,0,1,30000,0,,65535.0,0.0,,0
Bank故障数组历史信息标定值[195],Bank Fault Array History Info Calibration Value [195],501,1,0,0,0,0,0,0,0,1.0,0.0,0,1,30000,0,,65535.0,0.0,,0
Bank故障数组历史信息标定值[196],Bank Fault Array History Info Calibration Value [196],502,1,0,0,0,0,0,0,0,1.0,0.0,0,1,30000,0,,65535.0,0.0,,0
Bank故障数组历史信息标定值[197],Bank Fault Array History Info Calibration Value [197],503,1,0,0,0,0,0,0,0,1.0,0.0,0,1,30000,0,,65535.0,0.0,,0
Bank故障数组历史信息标定值[198],Bank Fault Array History Info Calibration Value [198],504,1,0,0,0,0,0,0,0,1.0,0.0,0,1,30000,0,,65535.0,0.0,,0
Bank故障数组历史信息标定值[199],Bank Fault Array History Info Calibration Value [199],505,1,0,0,0,0,0,0,0,1.0,0.0,0,1,30000,0,,65535.0,0.0,,0
堆编号,Bank Number,842,1,0,0,0,0,0,0,0,1.0,0.0,0,1,30000,0,,15.0,0.0,Nbr,0
连接/断开电池串,Connect/Disconnect String,507,1,0,0,0,0,0,0,0,1.0,0.0,0,1,30000,0,,3.0,0.0,,0
使能/禁止绝缘检测,Enable/Disable Insulation Measurement,508,1,0,0,0,0,0,0,0,1.0,0.0,0,1,30000,0,,3.0,0.0,,0
是否为使能第一簇标志位数组,The Array Of The First Enable Rack Flag,509,1,0,0,0,0,0,0,0,1.0,0.0,0,1,30000,0,,1.0,0.0,flg,0
防反接检测完成信号,Reverse Connect Detect Complete Flag,510,1,0,0,0,0,0,0,0,1.0,0.0,0,1,30000,0,,1.0,0.0,flg,0
使能/禁止电池串,Enable/Disable String,511,1,0,0,0,0,0,0,0,1.0,0.0,0,1,30000,0,,3.0,0.0,,0
Bank 心跳,Bank heartbeat,512,1,0,0,0,0,0,0,0,1.0,0.0,0,1,30000,0,,255.0,0.0,,0
退簇后使能/禁止电池串,Enable/Disable String After Rack Exit,513,1,0,0,0,0,0,0,0,1.0,0.0,0,1,30000,0,,255.0,0.0,flg,0
允许退簇系统标志位,Allow Rack Exit System Flag,514,1,0,0,0,0,0,0,0,1.0,0.0,0,1,30000,0,,31.0,0.0,flg,0
控制模式,Control Mode,515,1,0,0,0,0,0,0,0,1.0,0.0,0,1,30000,0,,7.0,0.0,,0
系统架构类型,System Architecture Type,516,1,0,0,0,0,0,0,0,1.0,0.0,0,1,30000,0,,15.0,0.0,Nbr,0
Bank故障等级,Bank Fault Level,517,1,0,0,0,0,0,0,0,1.0,0.0,0,1,30000,0,,15.0,0.0,Nbr,0
基于故障的放电功率限制系数,Fault-based Discharge Power Limit Coefficient,518,1,0,0,0,0,0,0,0,1.0,0.0,0,1,30000,0,,255.0,0.0,%,0
基于故障的充电功率限制系数,Fault-based Charge Power Limit Coefficient,519,1,0,0,0,0,0,0,0,1.0,0.0,0,1,30000,0,,255.0,0.0,%,0
集装箱急停标志,ContainerEPOFlg,520,1,0,0,0,0,0,0,0,1.0,0.0,0,1,30000,0,,255.0,0.0,Flg,0
滚动计数,RollingCounter,521,1,0,0,0,0,0,0,0,1.0,0.0,0,1,30000,0,,255.0,0.0,,0
校验和,Checksum,522,1,0,0,0,0,0,0,0,1.0,0.0,0,1,30000,0,,255.0,0.0,,0
BBMS故障数组[0],BBMS Fault Array [0],523,1,0,0,0,0,0,0,0,1.0,0.0,0,1,30000,0,,255.0,0.0,,0
BBMS故障数组[1],BBMS Fault Array [1],524,1,0,0,0,0,0,0,0,1.0,0.0,0,1,30000,0,,255.0,0.0,,0
BBMS故障数组[2],BBMS Fault Array [2],525,1,0,0,0,0,0,0,0,1.0,0.0,0,1,30000,0,,255.0,0.0,,0
BBMS故障数组[3],BBMS Fault Array [3],526,1,0,0,0,0,0,0,0,1.0,0.0,0,1,30000,0,,255.0,0.0,,0
BBMS故障数组[4],BBMS Fault Array [4],527,1,0,0,0,0,0,0,0,1.0,0.0,0,1,30000,0,,255.0,0.0,,0
BBMS故障数组[5],BBMS Fault Array [5],528,1,0,0,0,0,0,0,0,1.0,0.0,0,1,30000,0,,255.0,0.0,,0
BBMS故障数组[6],BBMS Fault Array [6],529,1,0,0,0,0,0,0,0,1.0,0.0,0,1,30000,0,,255.0,0.0,,0
BBMS故障数组[7],BBMS Fault Array [7],530,1,0,0,0,0,0,0,0,1.0,0.0,0,1,30000,0,,255.0,0.0,,0
BBMS故障数组[8],BBMS Fault Array [8],531,1,0,0,0,0,0,0,0,1.0,0.0,0,1,30000,0,,255.0,0.0,,0
BBMS故障数组[9],BBMS Fault Array [9],532,1,0,0,0,0,0,0,0,1.0,0.0,0,1,30000,0,,255.0,0.0,,0
BBMS故障数组[10],BBMS Fault Array [10],533,1,0,0,0,0,0,0,0,1.0,0.0,0,1,30000,0,,255.0,0.0,,0
BBMS故障数组[11],BBMS Fault Array [11],534,1,0,0,0,0,0,0,0,1.0,0.0,0,1,30000,0,,255.0,0.0,,0
BBMS故障数组[12],BBMS Fault Array [12],535,1,0,0,0,0,0,0,0,1.0,0.0,0,1,30000,0,,255.0,0.0,,0
BBMS故障数组[13],BBMS Fault Array [13],536,1,0,0,0,0,0,0,0,1.0,0.0,0,1,30000,0,,255.0,0.0,,0
BBMS故障数组[14],BBMS Fault Array [14],537,1,0,0,0,0,0,0,0,1.0,0.0,0,1,30000,0,,255.0,0.0,,0
BBMS故障数组[15],BBMS Fault Array [15],538,1,0,0,0,0,0,0,0,1.0,0.0,0,1,30000,0,,255.0,0.0,,0
BBMS故障数组[16],BBMS Fault Array [16],539,1,0,0,0,0,0,0,0,1.0,0.0,0,1,30000,0,,255.0,0.0,,0
BBMS故障数组[17],BBMS Fault Array [17],540,1,0,0,0,0,0,0,0,1.0,0.0,0,1,30000,0,,255.0,0.0,,0
BBMS故障数组[18],BBMS Fault Array [18],541,1,0,0,0,0,0,0,0,1.0,0.0,0,1,30000,0,,255.0,0.0,,0
BBMS故障数组[19],BBMS Fault Array [19],542,1,0,0,0,0,0,0,0,1.0,0.0,0,1,30000,0,,255.0,0.0,,0
BBMS故障数组[20],BBMS Fault Array [20],543,1,0,0,0,0,0,0,0,1.0,0.0,0,1,30000,0,,255.0,0.0,,0
BBMS故障数组[21],BBMS Fault Array [21],544,1,0,0,0,0,0,0,0,1.0,0.0,0,1,30000,0,,255.0,0.0,,0
BBMS故障数组[22],BBMS Fault Array [22],545,1,0,0,0,0,0,0,0,1.0,0.0,0,1,30000,0,,255.0,0.0,,0
BBMS故障数组[23],BBMS Fault Array [23],546,1,0,0,0,0,0,0,0,1.0,0.0,0,1,30000,0,,255.0,0.0,,0
BBMS故障数组[24],BBMS Fault Array [24],547,1,0,0,0,0,0,0,0,1.0,0.0,0,1,30000,0,,255.0,0.0,,0
单体过压一级报警阈值,MaxCellVOvLvl1FltVmV,548,1,0,0,0,0,0,0,0,1.0,0.0,0,1,30000,0,,4500.0,0.0,mV,0
单体过压二级报警阈值,MaxCellVOvLvl2FltVmV,549,1,0,0,0,0,0,0,0,1.0,0.0,0,1,30000,0,,4500.0,0.0,mV,0
单体过压二级恢复阈值,MaxCellVOvLvl2FltRcvryVmV,550,1,0,0,0,0,0,0,0,1.0,0.0,0,1,30000,0,,4500.0,0.0,mV,0
单体过压三级报警阈值,MaxCellVOvLvl3FltVmV,551,1,0,0,0,0,0,0,0,1.0,0.0,0,1,30000,0,,4500.0,0.0,mV,0
单体过压三级恢复阈值,MaxCellVOvLvl3FltRcvryVmV,552,1,0,0,0,0,0,0,0,1.0,0.0,0,1,30000,0,,4500.0,0.0,mV,0
单体过压极限报警阈值,MaxCellVOvLvl4FltVmV,553,1,0,0,0,0,0,0,0,1.0,0.0,0,1,30000,0,,4500.0,0.0,mV,0
单体欠压一级报警阈值,MinCellVUvLvl1FltVmV,554,1,0,0,0,0,0,0,0,1.0,0.0,0,1,30000,0,,4500.0,0.0,mV,0
单体欠压二级报警阈值,MinCellVUvLvl2FltVmV,555,1,0,0,0,0,0,0,0,1.0,0.0,0,1,30000,0,,4500.0,0.0,mV,0
单体欠压二级恢复阈值,MinCellVUvLvl2FltRcvryVmV,556,1,0,0,0,0,0,0,0,1.0,0.0,0,1,30000,0,,4500.0,0.0,mV,0
单体欠压三级报警阈值,MinCellVUvLvl3FltVmV,557,1,0,0,0,0,0,0,0,1.0,0.0,0,1,30000,0,,4500.0,0.0,mV,0
单体欠压三级恢复阈值,MinCellVUvLvl3FltRcvryVmV,558,1,0,0,0,0,0,0,0,1.0,0.0,0,1,30000,0,,4500.0,0.0,mV,0
低温单体欠压极限报警阈值,MinCellVUvLTLvl4FltVmV,559,1,0,0,0,0,0,0,0,1.0,0.0,0,1,30000,0,,4500.0,0.0,mV,0
常温单体欠压极限报警阈值,MinCellVUvHTLvl4FltVmV,560,1,0,0,0,0,0,0,0,1.0,0.0,0,1,30000,0,,4500.0,0.0,mV,0
单体压差过大一级报警阈值,DeltaCellVOLLvl1FltVmV,561,1,0,0,0,0,0,0,0,1.0,0.0,0,1,30000,0,,500.0,0.0,mV,0
单体压差过大二级报警阈值,DeltaCellVOLLvl2FltVmV,562,1,0,0,0,0,0,0,0,1.0,0.0,0,1,30000,0,,500.0,0.0,mV,0
单体压差过大二级恢复阈值,DeltaCellVOLLvl2FltRcvryVmV,563,1,0,0,0,0,0,0,0,1.0,0.0,0,1,30000,0,,500.0,0.0,mV,0
单体压差过大三级报警阈值,DeltaCellVOLLvl3FltVmV,564,1,0,0,0,0,0,0,0,1.0,0.0,0,1,30000,0,,500.0,0.0,mV,0
单体压差过大三级恢复阈值,DeltaCellVOLLvl3FltRcvryVmV,565,1,0,0,0,0,0,0,0,1.0,0.0,0,1,30000,0,,500.0,0.0,mV,0
电池串过压一级报警阈值,BatOVLvl1FltCfmThdV,566,1,0,0,0,0,0,0,3,0.001,0.0,0,1,30000,0,,5.0,0.0,V,0
电池串过压二级报警阈值,BatOVLvl2FltCfmThdV,567,1,0,0,0,0,0,0,3,0.001,0.0,0,1,30000,0,,5.0,0.0,V,0
电池串过压二级恢复阈值,BatOVLvl2FltRcvrThdV,568,1,0,0,0,0,0,0,3,0.001,0.0,0,1,30000,0,,5.0,0.0,V,0
电池串过压三级报警阈值,BatOVLvl3FltCfmThdV,569,1,0,0,0,0,0,0,3,0.001,0.0,0,1,30000,0,,5.0,0.0,V,0
电池串过压三级恢复阈值,BatOVLvl3FltRcvrThdV,570,1,0,0,0,0,0,0,3,0.001,0.0,0,1,30000,0,,5.0,0.0,V,0
电池串欠压一级报警阈值,BatUVLvl1FltCfmThdV,571,1,0,0,0,0,0,0,3,0.001,0.0,0,1,30000,0,,5.0,0.0,V,0
电池串欠压二级报警阈值,BatUVLvl2FltCfmThdV,572,1,0,0,0,0,0,0,3,0.001,0.0,0,1,30000,0,,5.0,0.0,V,0
电池串欠压二级恢复阈值,BatUVLvl2FltRcvrThdV,573,1,0,0,0,0,0,0,3,0.001,0.0,0,1,30000,0,,5.0,0.0,V,0
电池串欠压三级报警阈值,BatUVLvl3FltCfmThdV,574,1,0,0,0,0,0,0,3,0.001,0.0,0,1,30000,0,,5.0,0.0,V,0
电池串欠压三级恢复阈值,BatUVLvl3FltRcvrThdV,575,1,0,0,0,0,0,0,3,0.001,0.0,0,1,30000,0,,5.0,0.0,V,0
充电过流一级报警阈值,ChrgOverCurLvl1AssertThd,576,1,0,0,0,0,0,0,1,0.1,0.0,0,1,30000,0,,6553.5,0.0,A,0
充电过流二级报警阈值,ChrgOverCurLvl2AssertThd,577,1,0,0,0,0,0,0,1,0.1,0.0,0,1,30000,0,,6553.5,0.0,A,0
充电过流二级恢复阈值,ChrgOverCurLvl2DeassertThd,578,1,0,0,0,0,0,0,1,0.1,0.0,0,1,30000,0,,6553.5,0.0,A,0
充电过流三级报警阈值,ChrgOverCurLvl3AssertThd,579,1,0,0,0,0,0,0,1,0.1,0.0,0,1,30000,0,,6553.5,0.0,A,0
充电过流三级恢复阈值,ChrgOverCurLvl3DeassertThd,580,1,0,0,0,0,0,0,1,0.1,0.0,0,1,30000,0,,6553.5,0.0,A,0
放电过流一级报警阈值,DisChrgOverCurLvl1AssertThd,581,1,0,0,0,0,0,0,1,0.1,0.0,0,1,30000,0,,6553.5,0.0,A,0
放电过流二级报警阈值,DisChrgOverCurLvl2AssertThd,582,1,0,0,0,0,0,0,1,0.1,0.0,0,1,30000,0,,6553.5,0.0,A,0
放电过流二级恢复阈值,DisChrgOverCurLvl2DeassertThd,583,1,0,0,0,0,0,0,1,0.1,0.0,0,1,30000,0,,6553.5,0.0,A,0
放电过流三级报警阈值,DisChrgOverCurLvl3AssertThd,584,1,0,0,0,0,0,0,1,0.1,0.0,0,1,30000,0,,6553.5,0.0,A,0
放电过流三级恢复阈值,DisChrgOverCurLvl3DeassertThd,585,1,0,0,0,0,0,0,1,0.1,0.0,0,1,30000,0,,6553.5,0.0,A,0
充电过温一级报警阈值,ChOverTempLvl1AssertThd,586,1,0,0,0,0,0,0,1,0.1,-40.0,0,1,30000,0,,125.1,-40.0,℃,0
充电过温二级报警阈值,ChOverTempLvl2AssertThd,587,1,0,0,0,0,0,0,1,0.1,-40.0,0,1,30000,0,,125.1,-40.0,℃,0
充电过温二级恢复阈值,ChOverTempLvl2DeassertThd,588,1,0,0,0,0,0,0,1,0.1,-40.0,0,1,30000,0,,125.1,-40.0,℃,0
充电过温三级报警阈值,ChOverTempLvl3AssertThd,589,1,0,0,0,0,0,0,1,0.1,-40.0,0,1,30000,0,,125.1,-40.0,℃,0
充电过温三级恢复阈值,ChOverTempLvl3DeassertThd,590,1,0,0,0,0,0,0,1,0.1,-40.0,0,1,30000,0,,125.1,-40.0,℃,0
充电低温一级报警阈值,ChUnderTempLvl1AssertThd,591,1,0,0,0,0,0,0,1,0.1,-40.0,0,1,30000,0,,125.1,-40.0,℃,0
充电低温二级报警阈值,ChUnderTempLvl2AssertThd,592,1,0,0,0,0,0,0,1,0.1,-40.0,0,1,30000,0,,125.1,-40.0,℃,0
充电低温二级恢复阈值,ChUnderTempLvl2DeassertThd,593,1,0,0,0,0,0,0,1,0.1,-40.0,0,1,30000,0,,125.1,-40.0,℃,0
充电低温三级报警阈值,ChUnderTempLvl3AssertThd,594,1,0,0,0,0,0,0,1,0.1,-40.0,0,1,30000,0,,125.1,-40.0,℃,0
充电低温三级恢复阈值,ChUnderTempLvl3DeassertThd,595,1,0,0,0,0,0,0,1,0.1,-40.0,0,1,30000,0,,125.1,-40.0,℃,0
充电极限过温阈值,ChUnderTempLvl0AssertThd,596,1,0,0,0,0,0,0,1,0.1,-40.0,0,1,30000,0,,125.1,-40.0,℃,0
放电过温一级报警阈值,DischOverTempLvl1AssertThd,597,1,0,0,0,0,0,0,1,0.1,-40.0,0,1,30000,0,,125.1,-40.0,℃,0
放电过温二级报警阈值,DischOverTempLvl2AssertThd,598,1,0,0,0,0,0,0,1,0.1,-40.0,0,1,30000,0,,125.1,-40.0,℃,0
放电过温二级恢复阈值,DischOverTempLvl2DeassertThd,599,1,0,0,0,0,0,0,1,0.1,-40.0,0,1,30000,0,,125.1,-40.0,℃,0
放电过温三级报警阈值,DischOverTempLvl3AssertThd,600,1,0,0,0,0,0,0,1,0.1,-40.0,0,1,30000,0,,125.1,-40.0,℃,0
放电过温三级恢复阈值,DischOverTempLvl3DeassertThd,601,1,0,0,0,0,0,0,1,0.1,-40.0,0,1,30000,0,,125.1,-40.0,℃,0
放电极限过温阈值,DischOverTempLvl0AssertThd,602,1,0,0,0,0,0,0,1,0.1,-40.0,0,1,30000,0,,125.1,-40.0,℃,0
温升过快极限故障阈值,CellTempRiseChangeRate,603,1,0,0,0,0,0,0,1,0.1,-40.0,0,1,30000,0,,125.1,-40.0,℃,0
放电低温一级报警阈值,DischUnderTempLvl1AssertThd,604,1,0,0,0,0,0,0,1,0.1,-40.0,0,1,30000,0,,125.1,-40.0,℃,0
放电低温二级报警阈值,DischUnderTempLvl2AssertThd,605,1,0,0,0,0,0,0,1,0.1,-40.0,0,1,30000,0,,125.1,-40.0,℃,0
放电低温二级恢复阈值,DischUnderTempLvl2DeassertThd,606,1,0,0,0,0,0,0,1,0.1,-40.0,0,1,30000,0,,125.1,-40.0,℃,0
放电低温三级报警阈值,DischUnderTempLvl3AssertThd,607,1,0,0,0,0,0,0,1,0.1,-40.0,0,1,30000,0,,125.1,-40.0,℃,0
放电低温三级恢复阈值,DischUnderTempLvl3DeassertThd,608,1,0,0,0,0,0,0,1,0.1,-40.0,0,1,30000,0,,125.1,-40.0,℃,0
温差过大报警一级阈值,TempDiffTooBigLvl1AssertThd,609,1,0,0,0,0,0,0,1,0.1,-40.0,0,1,30000,0,,125.1,-40.0,℃,0
温差过大报警二级阈值,TempDiffTooBigLvl2AssertThd,610,1,0,0,0,0,0,0,1,0.1,-40.0,0,1,30000,0,,125.1,-40.0,℃,0
温差过大报警二级恢复阈值,TempDiffTooBigLvl2DeassertThd,611,1,0,0,0,0,0,0,1,0.1,-40.0,0,1,30000,0,,125.1,-40.0,℃,0
温差过大报警三级阈值,TempDiffTooBigLvl3AssertThd,612,1,0,0,0,0,0,0,1,0.1,-40.0,0,1,30000,0,,125.1,-40.0,℃,0
温差过大报警三级恢复阈值,TempDiffTooBigLvl3DeassertThd,613,1,0,0,0,0,0,0,1,0.1,-40.0,0,1,30000,0,,125.1,-40.0,℃,0
SOC低一级报警阈值,SOCLowLvl1AssertThd,614,1,0,0,0,0,0,0,9,0.001953125,0.0,0,1,30000,0,,100.0,0.0,%,0
SOC低一级恢复阈值,SOCLowLvl1DeassertThd,615,1,0,0,0,0,0,0,9,0.001953125,0.0,0,1,30000,0,,100.0,0.0,%,0
SOH低一级报警阈值,SOHLowLvl1AssertThd,616,1,0,0,0,0,0,0,7,0.0078125,0.0,0,1,30000,0,,100.0,0.0,%,0
SOH低二级报警阈值,SOHLowLvl2AssertThd,617,1,0,0,0,0,0,0,7,0.0078125,0.0,0,1,30000,0,,100.0,0.0,%,0
SOH低三级报警阈值,SOHLowLvl3AssertThd,618,1,0,0,0,0,0,0,7,0.0078125,0.0,0,1,30000,0,,100.0,0.0,%,0
SOC差异过大报警阈值,SOCDiffTooBigLvl1AssertThd,619,1,0,0,0,0,0,0,9,0.001953125,0.0,0,1,30000,0,,50.0,0.0,%,0
SOC差异过大恢复阈值,SOCDiffTooBigLvl1DeassertThd,620,1,0,0,0,0,0,0,9,0.001953125,0.0,0,1,30000,0,,50.0,0.0,%,0
自放电差异过大一级报警阈值,SelfDischrgDiffTooBigLvl1AssertThd,621,1,0,0,0,0,0,0,9,0.001953125,0.0,0,1,30000,0,,100.0,0.0,%,0
自放电差异过大二级报警阈值,SelfDischrgDiffTooBigLvl2AssertThd,622,1,0,0,0,0,0,0,9,0.001953125,0.0,0,1,30000,0,,100.0,0.0,%,0
自放电差异过大二级恢复阈值,SelfDischrgDiffTooBigLvl2DeassertThd,623,1,0,0,0,0,0,0,9,0.001953125,0.0,0,1,30000,0,,100.0,0.0,%,0
自放电差异过大三级报警阈值,SelfDischrgDiffTooBigLvl3AssertThd,624,1,0,0,0,0,0,0,9,0.001953125,0.0,0,1,30000,0,,100.0,0.0,%,0
自放电差异过大三级恢复阈值,SelfDischrgDiffTooBigLvl3DeassertThd,625,1,0,0,0,0,0,0,9,0.001953125,0.0,0,1,30000,0,,100.0,0.0,%,0
过充故障判断阈值,OverChgFltEnaThdValPct,626,1,0,0,0,0,0,0,9,0.001953125,0.0,0,1,30000,0,,30.0,0.0,%,0
均衡禁止命令标定值,BalFordCmdFlg,627,1,0,0,0,0,0,0,0,1.0,0.0,0,1,30000,0,,1.0,0.0,flg,0
清除所有故障信息,Alarm Reset,628,1,0,0,0,0,0,0,0,1.0,0.0,0,1,30000,0,,3.0,0.0,,0
使能/禁止绝缘检测,Enable/Disable Insulation Measurement,629,1,0,0,0,0,0,0,0,1.0,0.0,0,1,30000,0,,3.0,0.0,,0
预留占位,Reserved,630,1,0,0,0,0,0,0,0,1.0,0.0,0,1,30000,0,,3.0,0.0,,0
使能/禁止电池串,Enable/Disable String,631,1,0,0,0,0,0,0,0,1.0,0.0,0,1,30000,0,,3.0,0.0,,0
清除所有EPO,EPO Reset,632,1,0,0,0,0,0,0,0,1.0,0.0,0,1,30000,0,,3.0,0.0,,0
手动控制使能/禁止绝缘检测,Enable/Disable Insulation Measurement Manual Control,633,1,0,0,0,0,0,0,0,1.0,0.0,0,1,30000,0,,3.0,0.0,,0
连接/断开电池串,Connect/Disconnect String,634,1,0,0,0,0,0,0,0,1.0,0.0,0,1,30000,0,,15.0,0.0,,0
手动控制Bank执行ID编码,Manually Control Bank Executing ID Learn,635,1,0,0,0,0,0,0,0,1.0,0.0,0,1,30000,0,,255.0,0.0,,0
自动上高压设置,Auto Hv up configuration,636,1,0,0,0,0,0,0,0,1.0,0.0,0,1,30000,0,,255.0,0.0,,0
自动编码DO输出控制,ID Learn DO Control,637,1,0,0,0,0,0,0,0,1.0,0.0,0,1,30000,0,,255.0,0.0,,0
允许运行的最小Rack数量,Min number of Racks Allowed to Run,638,1,0,0,0,0,0,0,0,1.0,0.0,0,1,30000,0,,63.0,0.0,,0
PCS 通讯诊断设置,PCS Communication Diagnosis Configuration,639,1,0,0,0,0,0,0,0,1.0,0.0,0,1,30000,0,,3.0,0.0,,0
控制模式,Control Mode,640,1,0,0,0,0,0,0,0,1.0,0.0,0,1,30000,0,,15.0,0.0,,0
堆编号,Bank Number,842,1,0,0,0,0,0,0,0,1.0,0.0,0,1,30000,0,,15.0,0.0,Nbr,0
故障越限次数数组[0],Fault Overlimit Count Array [0],642,1,0,0,0,0,0,0,0,1.0,0.0,0,1,30000,0,,65535.0,0.0,,0
故障越限次数数组[1],Fault Overlimit Count Array [1],643,1,0,0,0,0,0,0,0,1.0,0.0,0,1,30000,0,,65535.0,0.0,,0
故障越限次数数组[2],Fault Overlimit Count Array [2],644,1,0,0,0,0,0,0,0,1.0,0.0,0,1,30000,0,,65535.0,0.0,,0
故障越限次数数组[3],Fault Overlimit Count Array [3],645,1,0,0,0,0,0,0,0,1.0,0.0,0,1,30000,0,,65535.0,0.0,,0
故障越限次数数组[4],Fault Overlimit Count Array [4],646,1,0,0,0,0,0,0,0,1.0,0.0,0,1,30000,0,,65535.0,0.0,,0
故障越限次数数组[5],Fault Overlimit Count Array [5],647,1,0,0,0,0,0,0,0,1.0,0.0,0,1,30000,0,,65535.0,0.0,,0
故障越限次数数组[6],Fault Overlimit Count Array [6],648,1,0,0,0,0,0,0,0,1.0,0.0,0,1,30000,0,,65535.0,0.0,,0
故障越限次数数组[7],Fault Overlimit Count Array [7],649,1,0,0,0,0,0,0,0,1.0,0.0,0,1,30000,0,,65535.0,0.0,,0
故障越限次数数组[8],Fault Overlimit Count Array [8],650,1,0,0,0,0,0,0,0,1.0,0.0,0,1,30000,0,,65535.0,0.0,,0
故障越限次数数组[9],Fault Overlimit Count Array [9],651,1,0,0,0,0,0,0,0,1.0,0.0,0,1,30000,0,,65535.0,0.0,,0
故障越限次数数组[10],Fault Overlimit Count Array [10],652,1,0,0,0,0,0,0,0,1.0,0.0,0,1,30000,0,,65535.0,0.0,,0
故障越限次数数组[11],Fault Overlimit Count Array [11],653,1,0,0,0,0,0,0,0,1.0,0.0,0,1,30000,0,,65535.0,0.0,,0
故障越限次数数组[12],Fault Overlimit Count Array [12],654,1,0,0,0,0,0,0,0,1.0,0.0,0,1,30000,0,,65535.0,0.0,,0
故障越限次数数组[13],Fault Overlimit Count Array [13],655,1,0,0,0,0,0,0,0,1.0,0.0,0,1,30000,0,,65535.0,0.0,,0
故障越限次数数组[14],Fault Overlimit Count Array [14],656,1,0,0,0,0,0,0,0,1.0,0.0,0,1,30000,0,,65535.0,0.0,,0
故障越限次数数组[15],Fault Overlimit Count Array [15],657,1,0,0,0,0,0,0,0,1.0,0.0,0,1,30000,0,,65535.0,0.0,,0
故障越限次数数组[16],Fault Overlimit Count Array [16],658,1,0,0,0,0,0,0,0,1.0,0.0,0,1,30000,0,,65535.0,0.0,,0
故障越限次数数组[17],Fault Overlimit Count Array [17],659,1,0,0,0,0,0,0,0,1.0,0.0,0,1,30000,0,,65535.0,0.0,,0
故障越限次数数组[18],Fault Overlimit Count Array [18],660,1,0,0,0,0,0,0,0,1.0,0.0,0,1,30000,0,,65535.0,0.0,,0
故障越限次数数组[19],Fault Overlimit Count Array [19],661,1,0,0,0,0,0,0,0,1.0,0.0,0,1,30000,0,,65535.0,0.0,,0
故障越限次数数组[20],Fault Overlimit Count Array [20],662,1,0,0,0,0,0,0,0,1.0,0.0,0,1,30000,0,,65535.0,0.0,,0
故障越限次数数组[21],Fault Overlimit Count Array [21],663,1,0,0,0,0,0,0,0,1.0,0.0,0,1,30000,0,,65535.0,0.0,,0
故障越限次数数组[22],Fault Overlimit Count Array [22],664,1,0,0,0,0,0,0,0,1.0,0.0,0,1,30000,0,,65535.0,0.0,,0
故障越限次数数组[23],Fault Overlimit Count Array [23],665,1,0,0,0,0,0,0,0,1.0,0.0,0,1,30000,0,,65535.0,0.0,,0
故障越限次数数组[24],Fault Overlimit Count Array [24],666,1,0,0,0,0,0,0,0,1.0,0.0,0,1,30000,0,,65535.0,0.0,,0
故障越限次数数组[25],Fault Overlimit Count Array [25],667,1,0,0,0,0,0,0,0,1.0,0.0,0,1,30000,0,,65535.0,0.0,,0
故障越限次数数组[26],Fault Overlimit Count Array [26],668,1,0,0,0,0,0,0,0,1.0,0.0,0,1,30000,0,,65535.0,0.0,,0
故障越限次数数组[27],Fault Overlimit Count Array [27],669,1,0,0,0,0,0,0,0,1.0,0.0,0,1,30000,0,,65535.0,0.0,,0
故障越限次数数组[28],Fault Overlimit Count Array [28],670,1,0,0,0,0,0,0,0,1.0,0.0,0,1,30000,0,,65535.0,0.0,,0
故障越限次数数组[29],Fault Overlimit Count Array [29],671,1,0,0,0,0,0,0,0,1.0,0.0,0,1,30000,0,,65535.0,0.0,,0
故障越限次数数组[30],Fault Overlimit Count Array [30],672,1,0,0,0,0,0,0,0,1.0,0.0,0,1,30000,0,,65535.0,0.0,,0
故障越限次数数组[31],Fault Overlimit Count Array [31],673,1,0,0,0,0,0,0,0,1.0,0.0,0,1,30000,0,,65535.0,0.0,,0
故障越限次数数组[32],Fault Overlimit Count Array [32],674,1,0,0,0,0,0,0,0,1.0,0.0,0,1,30000,0,,65535.0,0.0,,0
故障越限次数数组[33],Fault Overlimit Count Array [33],675,1,0,0,0,0,0,0,0,1.0,0.0,0,1,30000,0,,65535.0,0.0,,0
故障越限次数数组[34],Fault Overlimit Count Array [34],676,1,0,0,0,0,0,0,0,1.0,0.0,0,1,30000,0,,65535.0,0.0,,0
故障越限次数数组[35],Fault Overlimit Count Array [35],677,1,0,0,0,0,0,0,0,1.0,0.0,0,1,30000,0,,65535.0,0.0,,0
故障越限次数数组[36],Fault Overlimit Count Array [36],678,1,0,0,0,0,0,0,0,1.0,0.0,0,1,30000,0,,65535.0,0.0,,0
故障越限次数数组[37],Fault Overlimit Count Array [37],679,1,0,0,0,0,0,0,0,1.0,0.0,0,1,30000,0,,65535.0,0.0,,0
故障越限次数数组[38],Fault Overlimit Count Array [38],680,1,0,0,0,0,0,0,0,1.0,0.0,0,1,30000,0,,65535.0,0.0,,0
故障越限次数数组[39],Fault Overlimit Count Array [39],681,1,0,0,0,0,0,0,0,1.0,0.0,0,1,30000,0,,65535.0,0.0,,0
故障越限次数数组[40],Fault Overlimit Count Array [40],682,1,0,0,0,0,0,0,0,1.0,0.0,0,1,30000,0,,65535.0,0.0,,0
故障越限次数数组[41],Fault Overlimit Count Array [41],683,1,0,0,0,0,0,0,0,1.0,0.0,0,1,30000,0,,65535.0,0.0,,0
故障越限次数数组[42],Fault Overlimit Count Array [42],684,1,0,0,0,0,0,0,0,1.0,0.0,0,1,30000,0,,65535.0,0.0,,0
故障越限次数数组[43],Fault Overlimit Count Array [43],685,1,0,0,0,0,0,0,0,1.0,0.0,0,1,30000,0,,65535.0,0.0,,0
故障越限次数数组[44],Fault Overlimit Count Array [44],686,1,0,0,0,0,0,0,0,1.0,0.0,0,1,30000,0,,65535.0,0.0,,0
故障越限次数数组[45],Fault Overlimit Count Array [45],687,1,0,0,0,0,0,0,0,1.0,0.0,0,1,30000,0,,65535.0,0.0,,0
故障越限次数数组[46],Fault Overlimit Count Array [46],688,1,0,0,0,0,0,0,0,1.0,0.0,0,1,30000,0,,65535.0,0.0,,0
故障越限次数数组[47],Fault Overlimit Count Array [47],689,1,0,0,0,0,0,0,0,1.0,0.0,0,1,30000,0,,65535.0,0.0,,0
故障越限次数数组[48],Fault Overlimit Count Array [48],690,1,0,0,0,0,0,0,0,1.0,0.0,0,1,30000,0,,65535.0,0.0,,0
故障越限次数数组[49],Fault Overlimit Count Array [49],691,1,0,0,0,0,0,0,0,1.0,0.0,0,1,30000,0,,65535.0,0.0,,0
故障越限次数数组[50],Fault Overlimit Count Array [50],692,1,0,0,0,0,0,0,0,1.0,0.0,0,1,30000,0,,65535.0,0.0,,0
故障越限次数数组[51],Fault Overlimit Count Array [51],693,1,0,0,0,0,0,0,0,1.0,0.0,0,1,30000,0,,65535.0,0.0,,0
故障越限次数数组[52],Fault Overlimit Count Array [52],694,1,0,0,0,0,0,0,0,1.0,0.0,0,1,30000,0,,65535.0,0.0,,0
故障越限次数数组[53],Fault Overlimit Count Array [53],695,1,0,0,0,0,0,0,0,1.0,0.0,0,1,30000,0,,65535.0,0.0,,0
故障越限次数数组[54],Fault Overlimit Count Array [54],696,1,0,0,0,0,0,0,0,1.0,0.0,0,1,30000,0,,65535.0,0.0,,0
故障越限次数数组[55],Fault Overlimit Count Array [55],697,1,0,0,0,0,0,0,0,1.0,0.0,0,1,30000,0,,65535.0,0.0,,0
故障越限次数数组[56],Fault Overlimit Count Array [56],698,1,0,0,0,0,0,0,0,1.0,0.0,0,1,30000,0,,65535.0,0.0,,0
故障越限次数数组[57],Fault Overlimit Count Array [57],699,1,0,0,0,0,0,0,0,1.0,0.0,0,1,30000,0,,65535.0,0.0,,0
故障越限次数数组[58],Fault Overlimit Count Array [58],700,1,0,0,0,0,0,0,0,1.0,0.0,0,1,30000,0,,65535.0,0.0,,0
故障越限次数数组[59],Fault Overlimit Count Array [59],701,1,0,0,0,0,0,0,0,1.0,0.0,0,1,30000,0,,65535.0,0.0,,0
故障越限次数数组[60],Fault Overlimit Count Array [60],702,1,0,0,0,0,0,0,0,1.0,0.0,0,1,30000,0,,65535.0,0.0,,0
故障越限次数数组[61],Fault Overlimit Count Array [61],703,1,0,0,0,0,0,0,0,1.0,0.0,0,1,30000,0,,65535.0,0.0,,0
故障越限次数数组[62],Fault Overlimit Count Array [62],704,1,0,0,0,0,0,0,0,1.0,0.0,0,1,30000,0,,65535.0,0.0,,0
故障越限次数数组[63],Fault Overlimit Count Array [63],705,1,0,0,0,0,0,0,0,1.0,0.0,0,1,30000,0,,65535.0,0.0,,0
故障越限次数数组[64],Fault Overlimit Count Array [64],706,1,0,0,0,0,0,0,0,1.0,0.0,0,1,30000,0,,65535.0,0.0,,0
故障越限次数数组[65],Fault Overlimit Count Array [65],707,1,0,0,0,0,0,0,0,1.0,0.0,0,1,30000,0,,65535.0,0.0,,0
故障越限次数数组[66],Fault Overlimit Count Array [66],708,1,0,0,0,0,0,0,0,1.0,0.0,0,1,30000,0,,65535.0,0.0,,0
故障越限次数数组[67],Fault Overlimit Count Array [67],709,1,0,0,0,0,0,0,0,1.0,0.0,0,1,30000,0,,65535.0,0.0,,0
故障越限次数数组[68],Fault Overlimit Count Array [68],710,1,0,0,0,0,0,0,0,1.0,0.0,0,1,30000,0,,65535.0,0.0,,0
故障越限次数数组[69],Fault Overlimit Count Array [69],711,1,0,0,0,0,0,0,0,1.0,0.0,0,1,30000,0,,65535.0,0.0,,0
故障越限次数数组[70],Fault Overlimit Count Array [70],712,1,0,0,0,0,0,0,0,1.0,0.0,0,1,30000,0,,65535.0,0.0,,0
故障越限次数数组[71],Fault Overlimit Count Array [71],713,1,0,0,0,0,0,0,0,1.0,0.0,0,1,30000,0,,65535.0,0.0,,0
故障越限次数数组[72],Fault Overlimit Count Array [72],714,1,0,0,0,0,0,0,0,1.0,0.0,0,1,30000,0,,65535.0,0.0,,0
故障越限次数数组[73],Fault Overlimit Count Array [73],715,1,0,0,0,0,0,0,0,1.0,0.0,0,1,30000,0,,65535.0,0.0,,0
故障越限次数数组[74],Fault Overlimit Count Array [74],716,1,0,0,0,0,0,0,0,1.0,0.0,0,1,30000,0,,65535.0,0.0,,0
故障越限次数数组[75],Fault Overlimit Count Array [75],717,1,0,0,0,0,0,0,0,1.0,0.0,0,1,30000,0,,65535.0,0.0,,0
故障越限次数数组[76],Fault Overlimit Count Array [76],718,1,0,0,0,0,0,0,0,1.0,0.0,0,1,30000,0,,65535.0,0.0,,0
故障越限次数数组[77],Fault Overlimit Count Array [77],719,1,0,0,0,0,0,0,0,1.0,0.0,0,1,30000,0,,65535.0,0.0,,0
故障越限次数数组[78],Fault Overlimit Count Array [78],720,1,0,0,0,0,0,0,0,1.0,0.0,0,1,30000,0,,65535.0,0.0,,0
故障越限次数数组[79],Fault Overlimit Count Array [79],721,1,0,0,0,0,0,0,0,1.0,0.0,0,1,30000,0,,65535.0,0.0,,0
故障越限次数数组[80],Fault Overlimit Count Array [80],722,1,0,0,0,0,0,0,0,1.0,0.0,0,1,30000,0,,65535.0,0.0,,0
故障越限次数数组[81],Fault Overlimit Count Array [81],723,1,0,0,0,0,0,0,0,1.0,0.0,0,1,30000,0,,65535.0,0.0,,0
故障越限次数数组[82],Fault Overlimit Count Array [82],724,1,0,0,0,0,0,0,0,1.0,0.0,0,1,30000,0,,65535.0,0.0,,0
故障越限次数数组[83],Fault Overlimit Count Array [83],725,1,0,0,0,0,0,0,0,1.0,0.0,0,1,30000,0,,65535.0,0.0,,0
故障越限次数数组[84],Fault Overlimit Count Array [84],726,1,0,0,0,0,0,0,0,1.0,0.0,0,1,30000,0,,65535.0,0.0,,0
故障越限次数数组[85],Fault Overlimit Count Array [85],727,1,0,0,0,0,0,0,0,1.0,0.0,0,1,30000,0,,65535.0,0.0,,0
故障越限次数数组[86],Fault Overlimit Count Array [86],728,1,0,0,0,0,0,0,0,1.0,0.0,0,1,30000,0,,65535.0,0.0,,0
故障越限次数数组[87],Fault Overlimit Count Array [87],729,1,0,0,0,0,0,0,0,1.0,0.0,0,1,30000,0,,65535.0,0.0,,0
故障越限次数数组[88],Fault Overlimit Count Array [88],730,1,0,0,0,0,0,0,0,1.0,0.0,0,1,30000,0,,65535.0,0.0,,0
故障越限次数数组[89],Fault Overlimit Count Array [89],731,1,0,0,0,0,0,0,0,1.0,0.0,0,1,30000,0,,65535.0,0.0,,0
故障越限次数数组[90],Fault Overlimit Count Array [90],732,1,0,0,0,0,0,0,0,1.0,0.0,0,1,30000,0,,65535.0,0.0,,0
故障越限次数数组[91],Fault Overlimit Count Array [91],733,1,0,0,0,0,0,0,0,1.0,0.0,0,1,30000,0,,65535.0,0.0,,0
故障越限次数数组[92],Fault Overlimit Count Array [92],734,1,0,0,0,0,0,0,0,1.0,0.0,0,1,30000,0,,65535.0,0.0,,0
故障越限次数数组[93],Fault Overlimit Count Array [93],735,1,0,0,0,0,0,0,0,1.0,0.0,0,1,30000,0,,65535.0,0.0,,0
故障越限次数数组[94],Fault Overlimit Count Array [94],736,1,0,0,0,0,0,0,0,1.0,0.0,0,1,30000,0,,65535.0,0.0,,0
故障越限次数数组[95],Fault Overlimit Count Array [95],737,1,0,0,0,0,0,0,0,1.0,0.0,0,1,30000,0,,65535.0,0.0,,0
故障越限次数数组[96],Fault Overlimit Count Array [96],738,1,0,0,0,0,0,0,0,1.0,0.0,0,1,30000,0,,65535.0,0.0,,0
故障越限次数数组[97],Fault Overlimit Count Array [97],739,1,0,0,0,0,0,0,0,1.0,0.0,0,1,30000,0,,65535.0,0.0,,0
故障越限次数数组[98],Fault Overlimit Count Array [98],740,1,0,0,0,0,0,0,0,1.0,0.0,0,1,30000,0,,65535.0,0.0,,0
故障越限次数数组[99],Fault Overlimit Count Array [99],741,1,0,0,0,0,0,0,0,1.0,0.0,0,1,30000,0,,65535.0,0.0,,0
故障越限次数数组[100],Fault Overlimit Count Array [100],742,1,0,0,0,0,0,0,0,1.0,0.0,0,1,30000,0,,65535.0,0.0,,0
故障越限次数数组[101],Fault Overlimit Count Array [101],743,1,0,0,0,0,0,0,0,1.0,0.0,0,1,30000,0,,65535.0,0.0,,0
故障越限次数数组[102],Fault Overlimit Count Array [102],744,1,0,0,0,0,0,0,0,1.0,0.0,0,1,30000,0,,65535.0,0.0,,0
故障越限次数数组[103],Fault Overlimit Count Array [103],745,1,0,0,0,0,0,0,0,1.0,0.0,0,1,30000,0,,65535.0,0.0,,0
故障越限次数数组[104],Fault Overlimit Count Array [104],746,1,0,0,0,0,0,0,0,1.0,0.0,0,1,30000,0,,65535.0,0.0,,0
故障越限次数数组[105],Fault Overlimit Count Array [105],747,1,0,0,0,0,0,0,0,1.0,0.0,0,1,30000,0,,65535.0,0.0,,0
故障越限次数数组[106],Fault Overlimit Count Array [106],748,1,0,0,0,0,0,0,0,1.0,0.0,0,1,30000,0,,65535.0,0.0,,0
故障越限次数数组[107],Fault Overlimit Count Array [107],749,1,0,0,0,0,0,0,0,1.0,0.0,0,1,30000,0,,65535.0,0.0,,0
故障越限次数数组[108],Fault Overlimit Count Array [108],750,1,0,0,0,0,0,0,0,1.0,0.0,0,1,30000,0,,65535.0,0.0,,0
故障越限次数数组[109],Fault Overlimit Count Array [109],751,1,0,0,0,0,0,0,0,1.0,0.0,0,1,30000,0,,65535.0,0.0,,0
故障越限次数数组[110],Fault Overlimit Count Array [110],752,1,0,0,0,0,0,0,0,1.0,0.0,0,1,30000,0,,65535.0,0.0,,0
故障越限次数数组[111],Fault Overlimit Count Array [111],753,1,0,0,0,0,0,0,0,1.0,0.0,0,1,30000,0,,65535.0,0.0,,0
故障越限次数数组[112],Fault Overlimit Count Array [112],754,1,0,0,0,0,0,0,0,1.0,0.0,0,1,30000,0,,65535.0,0.0,,0
故障越限次数数组[113],Fault Overlimit Count Array [113],755,1,0,0,0,0,0,0,0,1.0,0.0,0,1,30000,0,,65535.0,0.0,,0
故障越限次数数组[114],Fault Overlimit Count Array [114],756,1,0,0,0,0,0,0,0,1.0,0.0,0,1,30000,0,,65535.0,0.0,,0
故障越限次数数组[115],Fault Overlimit Count Array [115],757,1,0,0,0,0,0,0,0,1.0,0.0,0,1,30000,0,,65535.0,0.0,,0
故障越限次数数组[116],Fault Overlimit Count Array [116],758,1,0,0,0,0,0,0,0,1.0,0.0,0,1,30000,0,,65535.0,0.0,,0
故障越限次数数组[117],Fault Overlimit Count Array [117],759,1,0,0,0,0,0,0,0,1.0,0.0,0,1,30000,0,,65535.0,0.0,,0
故障越限次数数组[118],Fault Overlimit Count Array [118],760,1,0,0,0,0,0,0,0,1.0,0.0,0,1,30000,0,,65535.0,0.0,,0
故障越限次数数组[119],Fault Overlimit Count Array [119],761,1,0,0,0,0,0,0,0,1.0,0.0,0,1,30000,0,,65535.0,0.0,,0
故障越限次数数组[120],Fault Overlimit Count Array [120],762,1,0,0,0,0,0,0,0,1.0,0.0,0,1,30000,0,,65535.0,0.0,,0
故障越限次数数组[121],Fault Overlimit Count Array [121],763,1,0,0,0,0,0,0,0,1.0,0.0,0,1,30000,0,,65535.0,0.0,,0
故障越限次数数组[122],Fault Overlimit Count Array [122],764,1,0,0,0,0,0,0,0,1.0,0.0,0,1,30000,0,,65535.0,0.0,,0
故障越限次数数组[123],Fault Overlimit Count Array [123],765,1,0,0,0,0,0,0,0,1.0,0.0,0,1,30000,0,,65535.0,0.0,,0
故障越限次数数组[124],Fault Overlimit Count Array [124],766,1,0,0,0,0,0,0,0,1.0,0.0,0,1,30000,0,,65535.0,0.0,,0
故障越限次数数组[125],Fault Overlimit Count Array [125],767,1,0,0,0,0,0,0,0,1.0,0.0,0,1,30000,0,,65535.0,0.0,,0
故障越限次数数组[126],Fault Overlimit Count Array [126],768,1,0,0,0,0,0,0,0,1.0,0.0,0,1,30000,0,,65535.0,0.0,,0
故障越限次数数组[127],Fault Overlimit Count Array [127],769,1,0,0,0,0,0,0,0,1.0,0.0,0,1,30000,0,,65535.0,0.0,,0
故障越限次数数组[128],Fault Overlimit Count Array [128],770,1,0,0,0,0,0,0,0,1.0,0.0,0,1,30000,0,,65535.0,0.0,,0
故障越限次数数组[129],Fault Overlimit Count Array [129],771,1,0,0,0,0,0,0,0,1.0,0.0,0,1,30000,0,,65535.0,0.0,,0
故障越限次数数组[130],Fault Overlimit Count Array [130],772,1,0,0,0,0,0,0,0,1.0,0.0,0,1,30000,0,,65535.0,0.0,,0
故障越限次数数组[131],Fault Overlimit Count Array [131],773,1,0,0,0,0,0,0,0,1.0,0.0,0,1,30000,0,,65535.0,0.0,,0
故障越限次数数组[132],Fault Overlimit Count Array [132],774,1,0,0,0,0,0,0,0,1.0,0.0,0,1,30000,0,,65535.0,0.0,,0
故障越限次数数组[133],Fault Overlimit Count Array [133],775,1,0,0,0,0,0,0,0,1.0,0.0,0,1,30000,0,,65535.0,0.0,,0
故障越限次数数组[134],Fault Overlimit Count Array [134],776,1,0,0,0,0,0,0,0,1.0,0.0,0,1,30000,0,,65535.0,0.0,,0
故障越限次数数组[135],Fault Overlimit Count Array [135],777,1,0,0,0,0,0,0,0,1.0,0.0,0,1,30000,0,,65535.0,0.0,,0
故障越限次数数组[136],Fault Overlimit Count Array [136],778,1,0,0,0,0,0,0,0,1.0,0.0,0,1,30000,0,,65535.0,0.0,,0
故障越限次数数组[137],Fault Overlimit Count Array [137],779,1,0,0,0,0,0,0,0,1.0,0.0,0,1,30000,0,,65535.0,0.0,,0
故障越限次数数组[138],Fault Overlimit Count Array [138],780,1,0,0,0,0,0,0,0,1.0,0.0,0,1,30000,0,,65535.0,0.0,,0
故障越限次数数组[139],Fault Overlimit Count Array [139],781,1,0,0,0,0,0,0,0,1.0,0.0,0,1,30000,0,,65535.0,0.0,,0
故障越限次数数组[140],Fault Overlimit Count Array [140],782,1,0,0,0,0,0,0,0,1.0,0.0,0,1,30000,0,,65535.0,0.0,,0
故障越限次数数组[141],Fault Overlimit Count Array [141],783,1,0,0,0,0,0,0,0,1.0,0.0,0,1,30000,0,,65535.0,0.0,,0
故障越限次数数组[142],Fault Overlimit Count Array [142],784,1,0,0,0,0,0,0,0,1.0,0.0,0,1,30000,0,,65535.0,0.0,,0
故障越限次数数组[143],Fault Overlimit Count Array [143],785,1,0,0,0,0,0,0,0,1.0,0.0,0,1,30000,0,,65535.0,0.0,,0
故障越限次数数组[144],Fault Overlimit Count Array [144],786,1,0,0,0,0,0,0,0,1.0,0.0,0,1,30000,0,,65535.0,0.0,,0
故障越限次数数组[145],Fault Overlimit Count Array [145],787,1,0,0,0,0,0,0,0,1.0,0.0,0,1,30000,0,,65535.0,0.0,,0
故障越限次数数组[146],Fault Overlimit Count Array [146],788,1,0,0,0,0,0,0,0,1.0,0.0,0,1,30000,0,,65535.0,0.0,,0
故障越限次数数组[147],Fault Overlimit Count Array [147],789,1,0,0,0,0,0,0,0,1.0,0.0,0,1,30000,0,,65535.0,0.0,,0
故障越限次数数组[148],Fault Overlimit Count Array [148],790,1,0,0,0,0,0,0,0,1.0,0.0,0,1,30000,0,,65535.0,0.0,,0
故障越限次数数组[149],Fault Overlimit Count Array [149],791,1,0,0,0,0,0,0,0,1.0,0.0,0,1,30000,0,,65535.0,0.0,,0
故障越限次数数组[150],Fault Overlimit Count Array [150],792,1,0,0,0,0,0,0,0,1.0,0.0,0,1,30000,0,,65535.0,0.0,,0
故障越限次数数组[151],Fault Overlimit Count Array [151],793,1,0,0,0,0,0,0,0,1.0,0.0,0,1,30000,0,,65535.0,0.0,,0
故障越限次数数组[152],Fault Overlimit Count Array [152],794,1,0,0,0,0,0,0,0,1.0,0.0,0,1,30000,0,,65535.0,0.0,,0
故障越限次数数组[153],Fault Overlimit Count Array [153],795,1,0,0,0,0,0,0,0,1.0,0.0,0,1,30000,0,,65535.0,0.0,,0
故障越限次数数组[154],Fault Overlimit Count Array [154],796,1,0,0,0,0,0,0,0,1.0,0.0,0,1,30000,0,,65535.0,0.0,,0
故障越限次数数组[155],Fault Overlimit Count Array [155],797,1,0,0,0,0,0,0,0,1.0,0.0,0,1,30000,0,,65535.0,0.0,,0
故障越限次数数组[156],Fault Overlimit Count Array [156],798,1,0,0,0,0,0,0,0,1.0,0.0,0,1,30000,0,,65535.0,0.0,,0
故障越限次数数组[157],Fault Overlimit Count Array [157],799,1,0,0,0,0,0,0,0,1.0,0.0,0,1,30000,0,,65535.0,0.0,,0
故障越限次数数组[158],Fault Overlimit Count Array [158],800,1,0,0,0,0,0,0,0,1.0,0.0,0,1,30000,0,,65535.0,0.0,,0
故障越限次数数组[159],Fault Overlimit Count Array [159],801,1,0,0,0,0,0,0,0,1.0,0.0,0,1,30000,0,,65535.0,0.0,,0
故障越限次数数组[160],Fault Overlimit Count Array [160],802,1,0,0,0,0,0,0,0,1.0,0.0,0,1,30000,0,,65535.0,0.0,,0
故障越限次数数组[161],Fault Overlimit Count Array [161],803,1,0,0,0,0,0,0,0,1.0,0.0,0,1,30000,0,,65535.0,0.0,,0
故障越限次数数组[162],Fault Overlimit Count Array [162],804,1,0,0,0,0,0,0,0,1.0,0.0,0,1,30000,0,,65535.0,0.0,,0
故障越限次数数组[163],Fault Overlimit Count Array [163],805,1,0,0,0,0,0,0,0,1.0,0.0,0,1,30000,0,,65535.0,0.0,,0
故障越限次数数组[164],Fault Overlimit Count Array [164],806,1,0,0,0,0,0,0,0,1.0,0.0,0,1,30000,0,,65535.0,0.0,,0
故障越限次数数组[165],Fault Overlimit Count Array [165],807,1,0,0,0,0,0,0,0,1.0,0.0,0,1,30000,0,,65535.0,0.0,,0
故障越限次数数组[166],Fault Overlimit Count Array [166],808,1,0,0,0,0,0,0,0,1.0,0.0,0,1,30000,0,,65535.0,0.0,,0
故障越限次数数组[167],Fault Overlimit Count Array [167],809,1,0,0,0,0,0,0,0,1.0,0.0,0,1,30000,0,,65535.0,0.0,,0
故障越限次数数组[168],Fault Overlimit Count Array [168],810,1,0,0,0,0,0,0,0,1.0,0.0,0,1,30000,0,,65535.0,0.0,,0
故障越限次数数组[169],Fault Overlimit Count Array [169],811,1,0,0,0,0,0,0,0,1.0,0.0,0,1,30000,0,,65535.0,0.0,,0
故障越限次数数组[170],Fault Overlimit Count Array [170],812,1,0,0,0,0,0,0,0,1.0,0.0,0,1,30000,0,,65535.0,0.0,,0
故障越限次数数组[171],Fault Overlimit Count Array [171],813,1,0,0,0,0,0,0,0,1.0,0.0,0,1,30000,0,,65535.0,0.0,,0
故障越限次数数组[172],Fault Overlimit Count Array [172],814,1,0,0,0,0,0,0,0,1.0,0.0,0,1,30000,0,,65535.0,0.0,,0
故障越限次数数组[173],Fault Overlimit Count Array [173],815,1,0,0,0,0,0,0,0,1.0,0.0,0,1,30000,0,,65535.0,0.0,,0
故障越限次数数组[174],Fault Overlimit Count Array [174],816,1,0,0,0,0,0,0,0,1.0,0.0,0,1,30000,0,,65535.0,0.0,,0
故障越限次数数组[175],Fault Overlimit Count Array [175],817,1,0,0,0,0,0,0,0,1.0,0.0,0,1,30000,0,,65535.0,0.0,,0
故障越限次数数组[176],Fault Overlimit Count Array [176],818,1,0,0,0,0,0,0,0,1.0,0.0,0,1,30000,0,,65535.0,0.0,,0
故障越限次数数组[177],Fault Overlimit Count Array [177],819,1,0,0,0,0,0,0,0,1.0,0.0,0,1,30000,0,,65535.0,0.0,,0
故障越限次数数组[178],Fault Overlimit Count Array [178],820,1,0,0,0,0,0,0,0,1.0,0.0,0,1,30000,0,,65535.0,0.0,,0
故障越限次数数组[179],Fault Overlimit Count Array [179],821,1,0,0,0,0,0,0,0,1.0,0.0,0,1,30000,0,,65535.0,0.0,,0
故障越限次数数组[180],Fault Overlimit Count Array [180],822,1,0,0,0,0,0,0,0,1.0,0.0,0,1,30000,0,,65535.0,0.0,,0
故障越限次数数组[181],Fault Overlimit Count Array [181],823,1,0,0,0,0,0,0,0,1.0,0.0,0,1,30000,0,,65535.0,0.0,,0
故障越限次数数组[182],Fault Overlimit Count Array [182],824,1,0,0,0,0,0,0,0,1.0,0.0,0,1,30000,0,,65535.0,0.0,,0
故障越限次数数组[183],Fault Overlimit Count Array [183],825,1,0,0,0,0,0,0,0,1.0,0.0,0,1,30000,0,,65535.0,0.0,,0
故障越限次数数组[184],Fault Overlimit Count Array [184],826,1,0,0,0,0,0,0,0,1.0,0.0,0,1,30000,0,,65535.0,0.0,,0
故障越限次数数组[185],Fault Overlimit Count Array [185],827,1,0,0,0,0,0,0,0,1.0,0.0,0,1,30000,0,,65535.0,0.0,,0
故障越限次数数组[186],Fault Overlimit Count Array [186],828,1,0,0,0,0,0,0,0,1.0,0.0,0,1,30000,0,,65535.0,0.0,,0
故障越限次数数组[187],Fault Overlimit Count Array [187],829,1,0,0,0,0,0,0,0,1.0,0.0,0,1,30000,0,,65535.0,0.0,,0
故障越限次数数组[188],Fault Overlimit Count Array [188],830,1,0,0,0,0,0,0,0,1.0,0.0,0,1,30000,0,,65535.0,0.0,,0
故障越限次数数组[189],Fault Overlimit Count Array [189],831,1,0,0,0,0,0,0,0,1.0,0.0,0,1,30000,0,,65535.0,0.0,,0
故障越限次数数组[190],Fault Overlimit Count Array [190],832,1,0,0,0,0,0,0,0,1.0,0.0,0,1,30000,0,,65535.0,0.0,,0
故障越限次数数组[191],Fault Overlimit Count Array [191],833,1,0,0,0,0,0,0,0,1.0,0.0,0,1,30000,0,,65535.0,0.0,,0
故障越限次数数组[192],Fault Overlimit Count Array [192],834,1,0,0,0,0,0,0,0,1.0,0.0,0,1,30000,0,,65535.0,0.0,,0
故障越限次数数组[193],Fault Overlimit Count Array [193],835,1,0,0,0,0,0,0,0,1.0,0.0,0,1,30000,0,,65535.0,0.0,,0
故障越限次数数组[194],Fault Overlimit Count Array [194],836,1,0,0,0,0,0,0,0,1.0,0.0,0,1,30000,0,,65535.0,0.0,,0
故障越限次数数组[195],Fault Overlimit Count Array [195],837,1,0,0,0,0,0,0,0,1.0,0.0,0,1,30000,0,,65535.0,0.0,,0
故障越限次数数组[196],Fault Overlimit Count Array [196],838,1,0,0,0,0,0,0,0,1.0,0.0,0,1,30000,0,,65535.0,0.0,,0
故障越限次数数组[197],Fault Overlimit Count Array [197],839,1,0,0,0,0,0,0,0,1.0,0.0,0,1,30000,0,,65535.0,0.0,,0
故障越限次数数组[198],Fault Overlimit Count Array [198],840,1,0,0,0,0,0,0,0,1.0,0.0,0,1,30000,0,,65535.0,0.0,,0
故障越限次数数组[199],Fault Overlimit Count Array [199],841,1,0,0,0,0,0,0,0,1.0,0.0,0,1,30000,0,,65535.0,0.0,,0
堆编号,Bank Number,842,1,0,0,0,0,0,0,0,1.0,0.0,0,1,30000,0,,15.0,0.0,Nbr,0
RBMS/BBMS_M/BBMS_A 故障使能数组[0],RBMS/BBMS_M/BBMS_A Fault Enable Array [0],843,1,0,0,0,0,0,0,0,1.0,0.0,0,1,30000,0,,255.0,0.0,,0
RBMS/BBMS_M/BBMS_A 故障使能数组[1],RBMS/BBMS_M/BBMS_A Fault Enable Array [1],844,1,0,0,0,0,0,0,0,1.0,0.0,0,1,30000,0,,255.0,0.0,,0
RBMS/BBMS_M/BBMS_A 故障使能数组[2],RBMS/BBMS_M/BBMS_A Fault Enable Array [2],845,1,0,0,0,0,0,0,0,1.0,0.0,0,1,30000,0,,255.0,0.0,,0
RBMS/BBMS_M/BBMS_A 故障使能数组[3],RBMS/BBMS_M/BBMS_A Fault Enable Array [3],846,1,0,0,0,0,0,0,0,1.0,0.0,0,1,30000,0,,255.0,0.0,,0
RBMS/BBMS_M/BBMS_A 故障使能数组[4],RBMS/BBMS_M/BBMS_A Fault Enable Array [4],847,1,0,0,0,0,0,0,0,1.0,0.0,0,1,30000,0,,255.0,0.0,,0
RBMS/BBMS_M/BBMS_A 故障使能数组[5],RBMS/BBMS_M/BBMS_A Fault Enable Array [5],848,1,0,0,0,0,0,0,0,1.0,0.0,0,1,30000,0,,255.0,0.0,,0
RBMS/BBMS_M/BBMS_A 故障使能数组[6],RBMS/BBMS_M/BBMS_A Fault Enable Array [6],849,1,0,0,0,0,0,0,0,1.0,0.0,0,1,30000,0,,255.0,0.0,,0
RBMS/BBMS_M/BBMS_A 故障使能数组[7],RBMS/BBMS_M/BBMS_A Fault Enable Array [7],850,1,0,0,0,0,0,0,0,1.0,0.0,0,1,30000,0,,255.0,0.0,,0
RBMS/BBMS_M/BBMS_A 故障使能数组[8],RBMS/BBMS_M/BBMS_A Fault Enable Array [8],851,1,0,0,0,0,0,0,0,1.0,0.0,0,1,30000,0,,255.0,0.0,,0
RBMS/BBMS_M/BBMS_A 故障使能数组[9],RBMS/BBMS_M/BBMS_A Fault Enable Array [9],852,1,0,0,0,0,0,0,0,1.0,0.0,0,1,30000,0,,255.0,0.0,,0
RBMS/BBMS_M/BBMS_A 故障使能数组[10],RBMS/BBMS_M/BBMS_A Fault Enable Array [10],853,1,0,0,0,0,0,0,0,1.0,0.0,0,1,30000,0,,255.0,0.0,,0
RBMS/BBMS_M/BBMS_A 故障使能数组[11],RBMS/BBMS_M/BBMS_A Fault Enable Array [11],854,1,0,0,0,0,0,0,0,1.0,0.0,0,1,30000,0,,255.0,0.0,,0
RBMS/BBMS_M/BBMS_A 故障使能数组[12],RBMS/BBMS_M/BBMS_A Fault Enable Array [12],855,1,0,0,0,0,0,0,0,1.0,0.0,0,1,30000,0,,255.0,0.0,,0
RBMS/BBMS_M/BBMS_A 故障使能数组[13],RBMS/BBMS_M/BBMS_A Fault Enable Array [13],856,1,0,0,0,0,0,0,0,1.0,0.0,0,1,30000,0,,255.0,0.0,,0
RBMS/BBMS_M/BBMS_A 故障使能数组[14],RBMS/BBMS_M/BBMS_A Fault Enable Array [14],857,1,0,0,0,0,0,0,0,1.0,0.0,0,1,30000,0,,255.0,0.0,,0
RBMS/BBMS_M/BBMS_A 故障使能数组[15],RBMS/BBMS_M/BBMS_A Fault Enable Array [15],858,1,0,0,0,0,0,0,0,1.0,0.0,0,1,30000,0,,255.0,0.0,,0
RBMS/BBMS_M/BBMS_A 故障使能数组[16],RBMS/BBMS_M/BBMS_A Fault Enable Array [16],859,1,0,0,0,0,0,0,0,1.0,0.0,0,1,30000,0,,255.0,0.0,,0
RBMS/BBMS_M/BBMS_A 故障使能数组[17],RBMS/BBMS_M/BBMS_A Fault Enable Array [17],860,1,0,0,0,0,0,0,0,1.0,0.0,0,1,30000,0,,255.0,0.0,,0
RBMS/BBMS_M/BBMS_A 故障使能数组[18],RBMS/BBMS_M/BBMS_A Fault Enable Array [18],861,1,0,0,0,0,0,0,0,1.0,0.0,0,1,30000,0,,255.0,0.0,,0
RBMS/BBMS_M/BBMS_A 故障使能数组[19],RBMS/BBMS_M/BBMS_A Fault Enable Array [19],862,1,0,0,0,0,0,0,0,1.0,0.0,0,1,30000,0,,255.0,0.0,,0
RBMS/BBMS_M/BBMS_A 故障使能数组[20],RBMS/BBMS_M/BBMS_A Fault Enable Array [20],863,1,0,0,0,0,0,0,0,1.0,0.0,0,1,30000,0,,255.0,0.0,,0
RBMS/BBMS_M/BBMS_A 故障使能数组[21],RBMS/BBMS_M/BBMS_A Fault Enable Array [21],864,1,0,0,0,0,0,0,0,1.0,0.0,0,1,30000,0,,255.0,0.0,,0
RBMS/BBMS_M/BBMS_A 故障使能数组[22],RBMS/BBMS_M/BBMS_A Fault Enable Array [22],865,1,0,0,0,0,0,0,0,1.0,0.0,0,1,30000,0,,255.0,0.0,,0
RBMS/BBMS_M/BBMS_A 故障使能数组[23],RBMS/BBMS_M/BBMS_A Fault Enable Array [23],866,1,0,0,0,0,0,0,0,1.0,0.0,0,1,30000,0,,255.0,0.0,,0
RBMS/BBMS_M/BBMS_A 故障使能数组[24],RBMS/BBMS_M/BBMS_A Fault Enable Array [24],867,1,0,0,0,0,0,0,0,1.0,0.0,0,1,30000,0,,255.0,0.0,,0
